"First Name","Last Name","Gender","Age","Email","Phone","Education","Occupation","Experience (Years)","Salary","Marital Status","Number of Children"
"Dale","Gray","Male","56","d.gray@randatmail.com","693-1215-00","Upper secondary","Interpreter","27","157817","Married","4"
"Ada","Moore","Female","56","a.moore@randatmail.com","736-2423-58","Bachelor","Singer","16","137166","Married","2"
"Miley","Harper","Female","60","m.harper@randatmail.com","925-1400-34","Master","Photographer","0","86870","Married","1"
"Alen","Thomas","Male","54","a.thomas@randatmail.com","970-1762-87","Lower secondary","Composer","12","121919","Single","4"
"Isabella","Thomas","Female","59","i.thomas@randatmail.com","594-3324-46","Master","Chef","21","105809","Single","4"
"Rubie","Grant","Female","50","r.grant@randatmail.com","258-7098-73","Master","Architect","20","130239","Single","4"
"Alexia","Gray","Female","55","a.gray@randatmail.com","316-1495-58","Lower secondary","Architect","4","81469","Single","0"
"Alisa","Kelley","Female","55","a.kelley@randatmail.com","129-8394-22","Bachelor","Lawer","1","128647","Married","5"
"Adrianna","Douglas","Female","53","a.douglas@randatmail.com","713-3941-15","Primary","Producer","5","140149","Single","1"
"Joyce","Riley","Female","51","j.riley@randatmail.com","817-1890-14","Primary","Historian","9","195520","Married","3"
"Patrick","Hall","Male","59","p.hall@randatmail.com","727-7295-33","Primary","Astronomer","26","124142","Married","2"
"Florrie","Wright","Female","53","f.wright@randatmail.com","835-9080-05","Primary","Firefighter","10","130485","Single","3"
"Arthur","Perkins","Male","58","a.perkins@randatmail.com","945-5010-24","Primary","Botanist","12","109597","Single","0"
"Nicholas","Walker","Male","53","n.walker@randatmail.com","119-5858-86","Lower secondary","Cook","21","107282","Married","0"
"Luke","Ryan","Male","55","l.ryan@randatmail.com","657-7151-65","Doctoral","Firefighter","12","199017","Married","2"
"Amanda","Barrett","Female","56","a.barrett@randatmail.com","955-9560-48","Primary","Hairdresser","26","153718","Single","4"
"Sarah","Hall","Female","51","s.hall@randatmail.com","409-6757-98","Doctoral","Dancer","9","84815","Single","3"
"Richard","Hawkins","Male","50","r.hawkins@randatmail.com","421-1656-37","Bachelor","Veterinarian","15","199226","Single","2"
"Dexter","Murphy","Male","50","d.murphy@randatmail.com","369-7285-39","Bachelor","Florist","18","85277","Married","2"
"Tiana","Crawford","Female","53","t.crawford@randatmail.com","685-5186-64","Master","Driver","20","177341","Married","2"
"Natalie","Ross","Female","60","n.ross@randatmail.com","888-8629-13","Master","Economist","17","43326","Married","2"
"Martin","Cooper","Male","50","m.cooper@randatmail.com","803-7225-22","Doctoral","Scientist","20","170210","Single","2"
"Catherine","Riley","Female","55","c.riley@randatmail.com","393-9151-24","Upper secondary","Graphic Designer","10","181242","Single","1"
"Sarah","Cameron","Female","53","s.cameron@randatmail.com","003-9632-71","Master","Cook","14","36704","Single","3"
"Harold","Barrett","Male","58","h.barrett@randatmail.com","201-9308-40","Doctoral","Lawer","1","94807","Married","0"
"Aston","Campbell","Male","56","a.campbell@randatmail.com","381-1120-96","Upper secondary","Astronomer","22","172869","Single","3"
"Dominik","Campbell","Male","58","d.campbell@randatmail.com","449-7179-23","Master","Auditor","29","101698","Single","0"
"Kellan","Walker","Male","60","k.walker@randatmail.com","373-0047-03","Bachelor","Biochemist","11","49872","Single","1"
"April","Tucker","Female","56","a.tucker@randatmail.com","593-4623-36","Master","Firefighter","27","188879","Married","5"
"Antony","Morgan","Male","51","a.morgan@randatmail.com","257-9034-32","Lower secondary","Mechanic","15","130829","Married","3"
"Miller","Smith","Male","52","m.smith@randatmail.com","803-3575-00","Doctoral","Jeweller","14","95136","Married","0"
"Lucy","Henderson","Female","52","l.henderson@randatmail.com","595-8229-39","Master","Fine Artist","1","50315","Married","5"
"Gianna","Gibson","Female","57","g.gibson@randatmail.com","577-5306-21","Master","Carpenter","21","89683","Married","2"
"Isabella","Henderson","Female","53","i.henderson@randatmail.com","634-1010-40","Lower secondary","Geologist","14","37080","Married","0"
"Kevin","Johnston","Male","52","k.johnston@randatmail.com","088-2173-23","Master","Historian","10","88672","Single","2"
"Kelvin","Lloyd","Male","51","k.lloyd@randatmail.com","665-8789-18","Lower secondary","Chemist","13","106168","Married","2"
"Jacob","Casey","Male","56","j.casey@randatmail.com","140-2245-22","Master","Aeroplane Pilot","6","136285","Married","0"
"Henry","Tucker","Male","54","h.tucker@randatmail.com","768-7088-53","Primary","Meteorologist","7","99686","Married","2"
"Arianna","Murray","Female","55","a.murray@randatmail.com","291-4227-47","Primary","Geologist","12","134587","Single","0"
"Thomas","Carroll","Male","56","t.carroll@randatmail.com","512-8053-83","Upper secondary","Meteorologist","4","106539","Single","5"
"Marcus","Grant","Male","60","m.grant@randatmail.com","276-3817-75","Master","Pharmacist","24","169891","Married","5"
"Sarah","Richards","Female","57","s.richards@randatmail.com","807-8684-76","Bachelor","Aeroplane Pilot","24","139263","Married","2"
"Alfred","Wilson","Male","60","a.wilson@randatmail.com","514-9887-90","Primary","Auditor","17","46945","Single","4"
"Valeria","Craig","Female","58","v.craig@randatmail.com","315-6866-19","Bachelor","Hairdresser","29","110883","Married","3"
"Ned","Myers","Male","53","n.myers@randatmail.com","192-6827-99","Master","Archeologist","9","196572","Married","5"
"Jasmine","West","Female","50","j.west@randatmail.com","938-6671-70","Primary","Composer","17","173735","Married","3"
"Rebecca","Brown","Female","54","r.brown@randatmail.com","596-5013-92","Upper secondary","Salesman","11","141593","Married","1"
"Mike","Riley","Male","57","m.riley@randatmail.com","450-8183-11","Upper secondary","Geologist","16","156447","Married","3"
"Briony","Lloyd","Female","56","b.lloyd@randatmail.com","476-8510-76","Primary","Manager","28","35423","Single","5"
"David","Stewart","Male","58","d.stewart@randatmail.com","369-8611-41","Upper secondary","Insurer","0","189447","Married","3"
"Alisa","Turner","Female","58","a.turner@randatmail.com","606-1753-64","Bachelor","Baker","8","53368","Married","0"
"Melanie","Evans","Female","54","m.evans@randatmail.com","816-4008-65","Master","Dancer","3","150070","Single","1"
"Patrick","Thompson","Male","53","p.thompson@randatmail.com","895-0078-08","Upper secondary","Photographer","19","153347","Single","0"
"Edwin","Kelly","Male","55","e.kelly@randatmail.com","265-1622-75","Bachelor","Lawer","1","87578","Single","0"
"Briony","Warren","Female","55","b.warren@randatmail.com","659-0791-64","Upper secondary","Accountant","0","115349","Single","5"
"Spike","Hawkins","Male","54","s.hawkins@randatmail.com","523-1589-99","Upper secondary","Interior Designer","2","176053","Married","0"
"Stuart","Casey","Male","59","s.casey@randatmail.com","636-1698-51","Master","Auditor","29","116047","Married","5"
"Oliver","Cooper","Male","54","o.cooper@randatmail.com","528-3953-52","Upper secondary","Jeweller","16","180598","Married","3"
"Aida","Craig","Female","53","a.craig@randatmail.com","467-2024-00","Bachelor","Teacher","22","98252","Married","0"
"Justin","Parker","Male","51","j.parker@randatmail.com","853-7034-61","Doctoral","Astronomer","2","139839","Married","1"
"Carl","Cameron","Male","53","c.cameron@randatmail.com","978-1632-69","Bachelor","Social Worker","24","33799","Married","3"
"Paul","Adams","Male","57","p.adams@randatmail.com","469-5493-86","Lower secondary","Manager","16","132438","Single","3"
"Alisa","Douglas","Female","53","a.douglas@randatmail.com","522-9843-64","Doctoral","Archeologist","10","83788","Single","3"
"Deanna","Myers","Female","60","d.myers@randatmail.com","624-5014-02","Primary","Engineer","0","148165","Single","2"
"Byron","Robinson","Male","54","b.robinson@randatmail.com","572-4933-45","Master","Florist","11","58168","Married","2"
"Frederick","Johnson","Male","55","f.johnson@randatmail.com","700-8416-17","Upper secondary","Lawer","7","50571","Single","1"
"Tony","Hamilton","Male","52","t.hamilton@randatmail.com","654-6852-07","Primary","Actor","25","81529","Married","1"
"Cherry","Morrison","Female","55","c.morrison@randatmail.com","951-4697-66","Doctoral","Driver","6","173954","Married","1"
"Henry","Gray","Male","60","h.gray@randatmail.com","842-5232-15","Master","Engineer","1","32203","Married","0"
"Anna","Hill","Female","54","a.hill@randatmail.com","462-9914-07","Bachelor","Chemist","9","76950","Married","2"
"Belinda","Sullivan","Female","54","b.sullivan@randatmail.com","081-1401-88","Primary","Singer","24","126481","Married","5"
"Elise","Carter","Female","55","e.carter@randatmail.com","893-2549-48","Primary","Mathematician","17","155977","Single","4"
"Annabella","Chapman","Female","56","a.chapman@randatmail.com","330-1060-31","Upper secondary","Mathematician","16","166321","Married","1"
"Oliver","Mitchell","Male","56","o.mitchell@randatmail.com","461-9154-70","Lower secondary","Engineer","23","139160","Married","1"
"Sarah","Johnston","Female","55","s.johnston@randatmail.com","134-2994-46","Lower secondary","Driver","9","158463","Married","1"
"Henry","Myers","Male","50","h.myers@randatmail.com","820-8985-39","Bachelor","Archeologist","23","196912","Married","5"
"Aiden","Smith","Male","58","a.smith@randatmail.com","014-6645-23","Lower secondary","Lecturer","13","36172","Single","5"
"Steven","Hunt","Male","53","s.hunt@randatmail.com","759-6290-48","Lower secondary","Florist","12","96158","Single","3"
"Sawyer","Gibson","Male","53","s.gibson@randatmail.com","048-3693-24","Bachelor","Botanist","22","140089","Married","5"
"Kate","Cole","Female","51","k.cole@randatmail.com","809-8391-77","Bachelor","Historian","10","166102","Single","5"
"Jessica","Richardson","Female","60","j.richardson@randatmail.com","654-8254-94","Doctoral","Lawer","1","168340","Single","0"
"Vanessa","Barrett","Female","55","v.barrett@randatmail.com","462-1224-50","Bachelor","Hairdresser","27","179781","Married","1"
"Miller","Williams","Male","60","m.williams@randatmail.com","123-5321-01","Master","Biochemist","10","114795","Single","2"
"John","Phillips","Male","57","j.phillips@randatmail.com","080-1366-14","Upper secondary","Astronomer","25","95589","Single","3"
"Garry","West","Male","53","g.west@randatmail.com","502-6777-44","Doctoral","Chef","9","157282","Single","5"
"Naomi","Perry","Female","58","n.perry@randatmail.com","073-6464-82","Upper secondary","Journalist","14","106904","Single","2"
"Annabella","Murphy","Female","57","a.murphy@randatmail.com","787-9100-66","Primary","Lecturer","15","51046","Single","0"
"Melanie","Ellis","Female","51","m.ellis@randatmail.com","824-8198-72","Lower secondary","Photographer","18","89481","Married","4"
"Maria","Turner","Female","58","m.turner@randatmail.com","525-0271-20","Bachelor","Producer","13","57248","Married","1"
"Alford","Payne","Male","56","a.payne@randatmail.com","811-9550-20","Master","Fine Artist","22","92343","Single","4"
"Vivian","Morris","Female","52","v.morris@randatmail.com","850-7675-08","Master","Social Worker","20","133596","Married","2"
"Natalie","Gibson","Female","55","n.gibson@randatmail.com","513-9488-27","Lower secondary","Carpenter","1","188778","Single","5"
"Hailey","Rogers","Female","58","h.rogers@randatmail.com","779-0408-22","Upper secondary","Chef","12","194455","Single","4"
"Rubie","Davis","Female","55","r.davis@randatmail.com","202-7317-40","Doctoral","Physicist","25","154375","Single","3"
"Abigail","Cooper","Female","55","a.cooper@randatmail.com","752-3102-81","Primary","Lawer","10","33346","Single","3"
"Ryan","Andrews","Male","57","r.andrews@randatmail.com","445-3034-50","Lower secondary","Teacher","7","60739","Single","5"
"Anna","Hall","Female","54","a.hall@randatmail.com","558-0274-83","Primary","Geologist","18","75697","Single","0"
"Miranda","Barrett","Female","59","m.barrett@randatmail.com","739-1476-45","Primary","Carpenter","22","101958","Single","3"
"Roland","Ferguson","Male","55","r.ferguson@randatmail.com","052-7613-27","Bachelor","Chemist","8","124666","Single","2"
"Vincent","Williams","Male","50","v.williams@randatmail.com","942-4064-69","Primary","Insurer","15","89010","Single","5"
"Kirsten","Brooks","Female","50","k.brooks@randatmail.com","256-8297-28","Lower secondary","Accountant","22","34378","Single","2"
"Melissa","Perry","Female","56","m.perry@randatmail.com","415-3925-19","Doctoral","Biochemist","1","62074","Married","4"
"Maddie","Johnston","Female","55","m.johnston@randatmail.com","504-0262-04","Doctoral","Accountant","11","133778","Married","5"
"Adelaide","Sullivan","Female","56","a.sullivan@randatmail.com","053-6211-49","Bachelor","Fine Artist","1","64213","Married","2"
"Violet","Foster","Female","57","v.foster@randatmail.com","867-9943-21","Primary","Biochemist","16","51622","Married","5"
"Garry","Baker","Male","52","g.baker@randatmail.com","210-7257-58","Lower secondary","Archeologist","14","172296","Single","2"
"Mary","Rogers","Female","57","m.rogers@randatmail.com","331-2303-68","Doctoral","Interior Designer","14","59859","Married","5"
"Alen","Douglas","Male","53","a.douglas@randatmail.com","988-9061-44","Upper secondary","Salesman","23","131180","Single","1"
"Honey","Gray","Female","51","h.gray@randatmail.com","726-6079-17","Primary","Mechanic","15","186779","Single","3"
"Nicholas","West","Male","51","n.west@randatmail.com","102-7997-87","Primary","Lecturer","6","120607","Single","5"
"Cadie","Wilson","Female","50","c.wilson@randatmail.com","388-8521-82","Master","Accountant","22","194772","Married","1"
"Alan","Campbell","Male","57","a.campbell@randatmail.com","932-9298-41","Doctoral","Photographer","5","168588","Single","5"
"Darcy","Cameron","Female","55","d.cameron@randatmail.com","426-1532-17","Doctoral","Physicist","26","125771","Single","4"
"Edgar","Dixon","Male","57","e.dixon@randatmail.com","073-5077-62","Doctoral","Singer","0","178502","Married","4"
"Naomi","Harris","Female","56","n.harris@randatmail.com","264-4350-98","Lower secondary","Engineer","21","97121","Married","3"
"Naomi","Mason","Female","60","n.mason@randatmail.com","454-6431-66","Bachelor","Mathematician","0","38943","Married","4"
"Ryan","Russell","Male","60","r.russell@randatmail.com","769-5030-46","Bachelor","Social Worker","11","105048","Married","3"
"Daniel","Stewart","Male","50","d.stewart@randatmail.com","869-2556-12","Doctoral","Chef","16","102180","Single","5"
"Mike","Nelson","Male","56","m.nelson@randatmail.com","019-0849-95","Bachelor","Baker","20","153495","Married","4"
"Kellan","Foster","Male","53","k.foster@randatmail.com","167-2745-41","Lower secondary","Biochemist","11","41261","Single","4"
"Madaline","Ellis","Female","50","m.ellis@randatmail.com","358-5071-03","Lower secondary","Actor","12","54445","Single","1"
"Brianna","Hawkins","Female","55","b.hawkins@randatmail.com","613-6366-73","Primary","Agronomist","14","74579","Married","5"
"Kristian","Morris","Male","52","k.morris@randatmail.com","334-4689-57","Doctoral","Salesman","5","180744","Single","5"
"Alexander","Morrison","Male","51","a.morrison@randatmail.com","565-7718-31","Lower secondary","Fine Artist","16","94611","Single","5"
"Robert","Allen","Male","51","r.allen@randatmail.com","831-5657-40","Doctoral","Historian","8","54058","Single","3"
"George","Wilson","Male","59","g.wilson@randatmail.com","412-4928-98","Primary","Electrician","29","160091","Single","3"
"Aston","Edwards","Male","59","a.edwards@randatmail.com","987-8422-82","Master","Teacher","23","94141","Single","4"
"Myra","Barrett","Female","54","m.barrett@randatmail.com","953-2507-39","Doctoral","Veterinarian","4","116494","Single","4"
"Kate","Carroll","Female","52","k.carroll@randatmail.com","345-5133-16","Master","Florist","26","199225","Married","2"
"Jessica","Wilson","Female","56","j.wilson@randatmail.com","840-9058-17","Lower secondary","Geologist","19","156208","Single","2"
"Kevin","Adams","Male","57","k.adams@randatmail.com","692-2018-35","Doctoral","Auditor","2","181276","Married","2"
"Blake","Johnston","Male","56","b.johnston@randatmail.com","213-7105-75","Doctoral","Journalist","6","33766","Single","0"
"Garry","Riley","Male","58","g.riley@randatmail.com","790-7413-25","Primary","Meteorologist","19","182620","Single","3"
"Dale","Casey","Male","56","d.casey@randatmail.com","680-6745-16","Lower secondary","Producer","1","193771","Married","1"
"Sawyer","Alexander","Male","52","s.alexander@randatmail.com","476-3589-46","Master","Interior Designer","26","79349","Single","3"
"Evelyn","Roberts","Female","57","e.roberts@randatmail.com","744-9517-23","Upper secondary","Firefighter","1","131151","Single","0"
"Michelle","Kelly","Female","51","m.kelly@randatmail.com","440-4175-64","Bachelor","Mathematician","11","104203","Single","1"
"Alberta","Stevens","Female","50","a.stevens@randatmail.com","882-9126-27","Bachelor","Cook","7","48464","Single","1"
"Maya","Hamilton","Female","56","m.hamilton@randatmail.com","331-2532-37","Upper secondary","Botanist","15","196010","Single","1"
"Victor","Martin","Male","55","v.martin@randatmail.com","699-2662-22","Bachelor","Driver","15","42341","Married","5"
"Victoria","Ryan","Female","52","v.ryan@randatmail.com","188-3150-44","Bachelor","Composer","26","127545","Married","5"
"Rafael","Alexander","Male","51","r.alexander@randatmail.com","167-5083-56","Upper secondary","Geologist","20","68647","Single","3"
"Alen","Adams","Male","51","a.adams@randatmail.com","930-0354-82","Doctoral","Cook","4","88622","Married","3"
"Emma","Carroll","Female","54","e.carroll@randatmail.com","470-4135-02","Bachelor","Astronomer","8","39821","Married","1"
"Violet","Hill","Female","56","v.hill@randatmail.com","464-9060-92","Bachelor","Baker","17","169662","Married","4"
"Adelaide","Phillips","Female","51","a.phillips@randatmail.com","284-6216-82","Upper secondary","Engineer","20","196625","Married","5"
"Abraham","Davis","Male","51","a.davis@randatmail.com","607-8418-00","Master","Insurer","13","190506","Married","0"
"Alexander","Morgan","Male","55","a.morgan@randatmail.com","559-9250-29","Upper secondary","Meteorologist","25","188796","Single","2"
"Preston","Scott","Male","50","p.scott@randatmail.com","179-4588-31","Bachelor","Journalist","4","67240","Single","5"
"Chester","Clark","Male","56","c.clark@randatmail.com","245-2651-35","Master","Carpenter","15","117995","Single","2"
"Sam","Wright","Male","54","s.wright@randatmail.com","928-1188-71","Upper secondary","Firefighter","9","146489","Married","4"
"Gianna","Perry","Female","54","g.perry@randatmail.com","846-7805-04","Upper secondary","Insurer","22","134660","Single","1"
"Myra","Ellis","Female","54","m.ellis@randatmail.com","715-6664-46","Master","Jeweller","5","180503","Single","3"
"Eleanor","Casey","Female","59","e.casey@randatmail.com","572-4357-51","Lower secondary","Chef","27","174200","Married","2"
"Eleanor","Brown","Female","54","e.brown@randatmail.com","780-2885-77","Doctoral","Salesman","16","54123","Married","1"
"Miranda","Henderson","Female","55","m.henderson@randatmail.com","877-3971-75","Primary","Producer","25","55265","Single","4"
"Cadie","Stewart","Female","54","c.stewart@randatmail.com","251-7065-56","Doctoral","Producer","15","121897","Married","4"
"Adele","Watson","Female","58","a.watson@randatmail.com","252-9765-51","Primary","Veterinarian","18","143729","Single","2"
"Anna","Reed","Female","52","a.reed@randatmail.com","071-5719-38","Doctoral","Interpreter","8","177917","Married","0"
"Alina","Reed","Female","58","a.reed@randatmail.com","969-0339-58","Primary","Veterinarian","22","53017","Married","0"
"Carina","Tucker","Female","55","c.tucker@randatmail.com","611-5407-19","Primary","Geologist","5","91390","Married","2"
"Honey","Parker","Female","60","h.parker@randatmail.com","239-4119-13","Master","Meteorologist","14","144299","Single","0"
"Dominik","Barnes","Male","53","d.barnes@randatmail.com","675-9309-50","Lower secondary","Interior Designer","20","170537","Married","0"
"Edwin","Foster","Male","56","e.foster@randatmail.com","295-9049-03","Bachelor","Architect","8","148765","Single","4"
"Bruce","Brown","Male","52","b.brown@randatmail.com","693-0670-78","Upper secondary","Lecturer","21","47170","Single","2"
"Aiden","Cole","Male","51","a.cole@randatmail.com","153-3396-77","Lower secondary","Salesman","11","35128","Married","5"
"Edith","Miller","Female","58","e.miller@randatmail.com","466-6642-21","Bachelor","Chemist","28","182417","Married","4"
"Violet","Moore","Female","58","v.moore@randatmail.com","930-5176-31","Doctoral","Mechanic","27","191749","Single","0"
"Adison","Carroll","Male","55","a.carroll@randatmail.com","664-2002-11","Bachelor","Driver","19","35277","Single","2"
"Amber","Cooper","Female","56","a.cooper@randatmail.com","057-9586-37","Doctoral","Manager","28","50795","Married","5"
"Garry","Warren","Male","58","g.warren@randatmail.com","748-3034-19","Doctoral","Lawer","12","59691","Married","1"
"Penelope","Foster","Female","52","p.foster@randatmail.com","770-5304-57","Upper secondary","Accountant","0","188214","Married","4"
"Nicholas","Brown","Male","59","n.brown@randatmail.com","482-2200-89","Upper secondary","Auditor","0","86693","Married","0"
"Jared","Perry","Male","58","j.perry@randatmail.com","259-6596-72","Upper secondary","Chef","24","193556","Married","5"
"George","Tucker","Male","60","g.tucker@randatmail.com","655-1910-25","Lower secondary","Fashion Designer","5","131481","Married","3"
"Aston","Kelley","Male","58","a.kelley@randatmail.com","610-4019-22","Primary","Teacher","17","156227","Married","1"
"Lyndon","Dixon","Male","57","l.dixon@randatmail.com","595-5228-43","Master","Baker","2","139778","Single","2"
"Lily","Richards","Female","59","l.richards@randatmail.com","594-2455-88","Lower secondary","Economist","12","48403","Single","0"
"Lucas","Johnson","Male","60","l.johnson@randatmail.com","944-9972-70","Bachelor","Historian","26","199183","Married","3"
"Owen","Bennett","Male","55","o.bennett@randatmail.com","433-4044-60","Bachelor","Graphic Designer","18","166905","Married","3"
"Frederick","Holmes","Male","50","f.holmes@randatmail.com","221-9080-90","Primary","Graphic Designer","6","153502","Single","3"
"Ellia","Adams","Female","54","e.adams@randatmail.com","553-6597-43","Lower secondary","Physicist","26","116725","Single","1"
"Jordan","Perkins","Male","55","j.perkins@randatmail.com","078-1748-77","Bachelor","Engineer","1","193510","Married","0"
"Frederick","Bennett","Male","58","f.bennett@randatmail.com","668-1657-53","Doctoral","Photographer","27","170248","Married","1"
"Aston","Hamilton","Male","53","a.hamilton@randatmail.com","100-9733-35","Doctoral","Interior Designer","15","95855","Single","2"
"Julian","Clark","Male","52","j.clark@randatmail.com","418-1371-27","Master","Social Worker","0","141269","Single","3"
"Fenton","Taylor","Male","57","f.taylor@randatmail.com","362-1159-00","Primary","Astronomer","8","74909","Single","2"
"James","Cunningham","Male","59","j.cunningham@randatmail.com","671-4173-01","Lower secondary","Salesman","2","123609","Married","2"
"Alberta","Grant","Female","59","a.grant@randatmail.com","818-2479-10","Upper secondary","Auditor","3","48389","Single","3"
"Wilson","Alexander","Male","57","w.alexander@randatmail.com","122-1243-52","Master","Journalist","0","101497","Single","2"
"Victoria","Richardson","Female","57","v.richardson@randatmail.com","996-9112-82","Primary","Jeweller","16","51597","Single","1"
"Dale","Elliott","Male","55","d.elliott@randatmail.com","489-0469-80","Doctoral","Dancer","19","147138","Single","2"
"Hailey","Tucker","Female","59","h.tucker@randatmail.com","380-1777-43","Bachelor","Meteorologist","25","96711","Single","5"
"Alina","Warren","Female","52","a.warren@randatmail.com","372-9861-67","Master","Lecturer","23","146731","Married","5"
"Honey","Hill","Female","53","h.hill@randatmail.com","172-8297-99","Bachelor","Graphic Designer","23","145258","Single","5"
"Penelope","Richardson","Female","54","p.richardson@randatmail.com","414-7497-81","Doctoral","Carpenter","1","165051","Married","4"
"Carina","Morris","Female","55","c.morris@randatmail.com","946-4004-13","Primary","Archeologist","20","69707","Single","4"
"Alexia","Hawkins","Female","58","a.hawkins@randatmail.com","747-6772-05","Lower secondary","Veterinarian","13","168378","Married","5"
"Lucia","Cole","Female","50","l.cole@randatmail.com","017-2356-95","Upper secondary","Social Worker","22","30182","Married","0"
"Charlotte","Cooper","Female","50","c.cooper@randatmail.com","932-1193-41","Lower secondary","Insurer","14","58442","Single","1"
"First Name","Last Name","Gender","Age","Email","Phone","Education","Occupation","Experience (Years)","Salary","Marital Status","Number of Children"
"Lydia","Phillips","Female","42","l.phillips@randatmail.com","321-1014-75","Upper secondary","Manager","0","159840","Married","2"
"Audrey","Elliott","Female","44","a.elliott@randatmail.com","238-7304-77","Upper secondary","Pharmacist","11","106504","Single","1"
"Hailey","Perry","Female","45","h.perry@randatmail.com","588-9320-54","Doctoral","Accountant","8","196637","Single","2"
"Amy","Wright","Female","42","a.wright@randatmail.com","759-0251-59","Bachelor","Lecturer","9","71760","Single","5"
"Albert","Cole","Male","45","a.cole@randatmail.com","298-6753-74","Lower secondary","Teacher","20","108303","Single","4"
"Max","Harris","Male","50","m.harris@randatmail.com","065-7652-11","Upper secondary","Graphic Designer","6","170456","Single","1"
"Alfred","Thompson","Male","43","a.thompson@randatmail.com","694-0698-78","Upper secondary","Fine Artist","12","98602","Single","1"
"Adison","Harris","Male","47","a.harris@randatmail.com","391-2611-85","Primary","Mechanic","11","161769","Married","2"
"Freddie","Smith","Male","48","f.smith@randatmail.com","689-1750-82","Bachelor","Chemist","0","111432","Single","4"
"Charlotte","Riley","Female","49","c.riley@randatmail.com","930-9543-59","Upper secondary","Veterinarian","22","43700","Single","0"
"Miller","Morrison","Male","49","m.morrison@randatmail.com","948-5686-66","Doctoral","Fine Artist","7","161949","Married","5"
"Nicholas","Fowler","Male","46","n.fowler@randatmail.com","827-8731-57","Doctoral","Astronomer","16","125017","Married","3"
"Tara","Mitchell","Female","42","t.mitchell@randatmail.com","580-6494-91","Lower secondary","Insurer","12","57543","Single","4"
"Clark","Montgomery","Male","42","c.montgomery@randatmail.com","675-4140-75","Master","Mechanic","5","152072","Single","2"
"Sophia","Andrews","Female","45","s.andrews@randatmail.com","331-8174-97","Master","Architect","0","150102","Married","4"
"Martin","Jones","Male","50","m.jones@randatmail.com","073-6182-66","Upper secondary","Salesman","3","136638","Single","5"
"Martin","Cole","Male","45","m.cole@randatmail.com","437-3606-55","Primary","Historian","17","186422","Single","0"
"Jasmine","Riley","Female","45","j.riley@randatmail.com","220-5685-97","Master","Social Worker","22","131149","Married","3"
"Savana","Cooper","Female","49","s.cooper@randatmail.com","596-9179-93","Doctoral","Veterinarian","19","105455","Single","4"
"Melissa","Ryan","Female","49","m.ryan@randatmail.com","382-9556-09","Doctoral","Architect","9","56643","Married","5"
"Alfred","Cameron","Male","48","a.cameron@randatmail.com","124-6686-42","Primary","Chemist","7","41302","Married","1"
"Elian","Clark","Male","41","e.clark@randatmail.com","269-4694-88","Lower secondary","Journalist","18","58948","Married","3"
"Robert","Rogers","Male","42","r.rogers@randatmail.com","461-7415-05","Doctoral","Actor","19","65760","Single","5"
"Gianna","Allen","Female","44","g.allen@randatmail.com","484-8157-45","Primary","Physicist","16","119956","Married","2"
"Chelsea","Kelly","Female","43","c.kelly@randatmail.com","357-3567-35","Primary","Actor","5","126805","Married","0"
"Camila","Grant","Female","50","c.grant@randatmail.com","231-8408-06","Bachelor","Interior Designer","5","144148","Single","5"
"Roland","Reed","Male","49","r.reed@randatmail.com","121-1494-22","Master","Teacher","2","196452","Married","5"
"Chester","Anderson","Male","40","c.anderson@randatmail.com","497-6869-10","Bachelor","Engineer","5","37830","Married","2"
"Byron","Spencer","Male","45","b.spencer@randatmail.com","500-9924-54","Doctoral","Historian","14","50825","Married","5"
"Owen","Phillips","Male","48","o.phillips@randatmail.com","693-1340-63","Lower secondary","Interpreter","19","161676","Married","1"
"Alissa","Scott","Female","45","a.scott@randatmail.com","745-6989-95","Lower secondary","Chef","3","190343","Single","4"
"Lily","Ellis","Female","47","l.ellis@randatmail.com","121-1702-47","Lower secondary","Florist","8","43396","Married","4"
"Savana","Smith","Female","46","s.smith@randatmail.com","106-7842-95","Primary","Fashion Designer","10","141963","Single","4"
"Michelle","Rogers","Female","45","m.rogers@randatmail.com","657-2599-61","Lower secondary","Baker","20","146207","Single","1"
"Sam","Craig","Male","42","s.craig@randatmail.com","004-8543-89","Master","Graphic Designer","5","42534","Single","2"
"Fenton","Harrison","Male","50","f.harrison@randatmail.com","005-0780-60","Master","Veterinarian","14","149067","Single","3"
"Julia","Carter","Female","46","j.carter@randatmail.com","298-8433-54","Doctoral","Accountant","17","125304","Married","4"
"Sienna","Howard","Female","49","s.howard@randatmail.com","711-7833-44","Upper secondary","Auditor","22","168985","Married","1"
"Antony","Higgins","Male","44","a.higgins@randatmail.com","976-9350-97","Doctoral","Singer","22","149348","Married","3"
"Connie","Reed","Female","42","c.reed@randatmail.com","341-3936-19","Master","Graphic Designer","3","179385","Married","3"
"Jessica","Hall","Female","48","j.hall@randatmail.com","198-1283-20","Master","Jeweller","4","62354","Married","4"
"Naomi","Allen","Female","46","n.allen@randatmail.com","207-4735-86","Master","Police Officer","14","155199","Single","2"
"Hailey","Ferguson","Female","49","h.ferguson@randatmail.com","523-6514-12","Upper secondary","Photographer","24","151185","Single","2"
"Abraham","Carroll","Male","44","a.carroll@randatmail.com","913-7600-40","Bachelor","Engineer","1","103161","Single","0"
"Brooke","Hall","Female","44","b.hall@randatmail.com","104-0246-69","Master","Interior Designer","15","177901","Single","0"
"Paige","Jones","Female","42","p.jones@randatmail.com","777-0342-04","Lower secondary","Agronomist","18","199777","Married","0"
"Ashton","Andrews","Male","47","a.andrews@randatmail.com","532-3849-90","Bachelor","Auditor","23","150468","Single","2"
"Tiana","Perkins","Female","45","t.perkins@randatmail.com","468-1272-40","Bachelor","Manager","7","63749","Single","3"
"Ada","Jones","Female","50","a.jones@randatmail.com","169-3236-98","Bachelor","Teacher","2","60608","Single","2"
"Sam","Morris","Male","46","s.morris@randatmail.com","928-5587-50","Upper secondary","Journalist","0","149376","Married","5"
"Maddie","Mason","Female","43","m.mason@randatmail.com","671-3840-77","Doctoral","Journalist","6","133614","Single","4"
"Lucy","Carroll","Female","41","l.carroll@randatmail.com","311-3018-03","Bachelor","Carpenter","10","43831","Single","4"
"Emily","Stevens","Female","43","e.stevens@randatmail.com","969-5181-34","Master","Photographer","12","33296","Married","1"
"Rafael","Adams","Male","41","r.adams@randatmail.com","823-6866-48","Upper secondary","Actor","15","187442","Married","3"
"Justin","Richards","Male","41","j.richards@randatmail.com","314-9008-12","Bachelor","Archeologist","16","121181","Single","2"
"Sarah","Rogers","Female","44","s.rogers@randatmail.com","244-0800-03","Bachelor","Interior Designer","12","169804","Married","1"
"Walter","Hunt","Male","43","w.hunt@randatmail.com","192-9259-82","Upper secondary","Insurer","19","180024","Single","3"
"Sophia","Roberts","Female","45","s.roberts@randatmail.com","314-1210-22","Doctoral","Accountant","0","161648","Married","5"
"Nicholas","Hall","Male","49","n.hall@randatmail.com","816-6970-10","Upper secondary","Mechanic","22","186849","Single","2"
"Darcy","Murray","Female","47","d.murray@randatmail.com","828-8926-80","Lower secondary","Physicist","10","144374","Single","3"
"Sydney","Turner","Female","44","s.turner@randatmail.com","178-6200-48","Upper secondary","Chef","9","56220","Married","0"
"Caroline","Cameron","Female","46","c.cameron@randatmail.com","096-4871-26","Upper secondary","Cook","16","92140","Married","2"
"Amanda","Payne","Female","43","a.payne@randatmail.com","728-1148-02","Doctoral","Medic","10","172783","Single","2"
"Tess","Mason","Female","40","t.mason@randatmail.com","590-5065-93","Primary","Baker","13","104755","Single","3"
"Sophia","Farrell","Female","45","s.farrell@randatmail.com","054-5399-20","Lower secondary","Meteorologist","14","80383","Single","0"
"Vivian","Warren","Female","47","v.warren@randatmail.com","360-1607-58","Bachelor","Producer","3","72816","Married","3"
"Aldus","Montgomery","Male","41","a.montgomery@randatmail.com","082-0726-55","Doctoral","Actor","0","94568","Single","0"
"Lana","Reed","Female","49","l.reed@randatmail.com","185-0499-96","Master","Engineer","17","39192","Single","3"
"Evelyn","Hamilton","Female","49","e.hamilton@randatmail.com","817-2708-20","Master","Singer","21","105884","Single","0"
"Alan","Ferguson","Male","43","a.ferguson@randatmail.com","560-3635-77","Upper secondary","Cook","12","134978","Married","5"
"Adrian","Dixon","Male","50","a.dixon@randatmail.com","962-8256-08","Upper secondary","Meteorologist","16","189635","Single","4"
"Adelaide","Perry","Female","48","a.perry@randatmail.com","407-6534-70","Bachelor","Geologist","24","143265","Married","0"
"Edwin","Edwards","Male","41","e.edwards@randatmail.com","512-2390-31","Master","Astronomer","5","78100","Single","5"
"Miranda","Lloyd","Female","49","m.lloyd@randatmail.com","758-6550-82","Primary","Electrician","21","194723","Married","0"
"Jenna","Clark","Female","47","j.clark@randatmail.com","872-5112-50","Bachelor","Astronomer","11","51194","Married","0"
"Aldus","Sullivan","Male","48","a.sullivan@randatmail.com","375-9177-25","Primary","Jeweller","23","85706","Married","4"
"Maria","Farrell","Female","41","m.farrell@randatmail.com","169-0379-11","Master","Chemist","19","57781","Single","5"
"Lucy","Brown","Female","46","l.brown@randatmail.com","924-2726-82","Primary","Interior Designer","2","148585","Single","1"
"Richard","Perkins","Male","47","r.perkins@randatmail.com","385-2607-67","Upper secondary","Cook","21","57115","Single","5"
"Carlos","Stewart","Male","45","c.stewart@randatmail.com","108-3494-16","Upper secondary","Electrician","6","149123","Single","5"
"Sarah","Jones","Female","44","s.jones@randatmail.com","972-6057-97","Upper secondary","Driver","0","105135","Married","1"
"Carlos","Cole","Male","45","c.cole@randatmail.com","369-4998-25","Lower secondary","Auditor","16","190079","Single","4"
"Cadie","Nelson","Female","44","c.nelson@randatmail.com","663-3127-88","Master","Fashion Designer","7","127659","Married","3"
"Elise","Gray","Female","40","e.gray@randatmail.com","841-4146-49","Doctoral","Journalist","13","187698","Married","1"
"Alan","Robinson","Male","50","a.robinson@randatmail.com","890-9083-20","Upper secondary","Meteorologist","1","156015","Single","5"
"Fiona","Carroll","Female","49","f.carroll@randatmail.com","291-9607-63","Bachelor","Social Worker","11","106241","Married","4"
"Fiona","Casey","Female","50","f.casey@randatmail.com","507-1385-70","Doctoral","Singer","24","142586","Married","5"
"Annabella","Cooper","Female","42","a.cooper@randatmail.com","774-8075-59","Master","Astronomer","6","88881","Single","3"
"Amelia","Robinson","Female","50","a.robinson@randatmail.com","049-6524-84","Bachelor","Fine Artist","9","182695","Single","3"
"Mike","Johnson","Male","41","m.johnson@randatmail.com","771-3945-97","Primary","Engineer","3","131932","Married","5"
"Amanda","Williams","Female","50","a.williams@randatmail.com","604-1455-17","Lower secondary","Driver","6","76253","Single","2"
"Agata","Kelley","Female","48","a.kelley@randatmail.com","470-4239-21","Bachelor","Biochemist","18","136626","Single","3"
"Edgar","Brown","Male","44","e.brown@randatmail.com","089-5239-89","Master","Teacher","12","80267","Married","4"
"Mike","Payne","Male","41","m.payne@randatmail.com","708-7984-01","Master","Fine Artist","20","157442","Single","3"
"Tara","Owens","Female","43","t.owens@randatmail.com","578-4929-89","Lower secondary","Salesman","11","70559","Married","4"
"Honey","Turner","Female","42","h.turner@randatmail.com","445-6428-80","Primary","Interpreter","11","197801","Single","0"
"Sophia","Ryan","Female","49","s.ryan@randatmail.com","147-0242-76","Upper secondary","Police Officer","7","149869","Married","4"
"Daryl","Phillips","Male","48","d.phillips@randatmail.com","041-9898-88","Doctoral","Cook","8","147056","Single","3"
"Victoria","Sullivan","Female","42","v.sullivan@randatmail.com","105-1734-21","Master","Botanist","8","143961","Married","2"
"Lyndon","Henderson","Male","46","l.henderson@randatmail.com","354-9961-38","Primary","Teacher","0","89011","Married","1"
"Adison","Walker","Male","41","a.walker@randatmail.com","164-9465-07","Doctoral","Singer","12","36888","Married","1"
"Michael","Gibson","Male","42","m.gibson@randatmail.com","752-3033-77","Doctoral","Composer","13","31807","Married","5"
"Sophia","Payne","Female","49","s.payne@randatmail.com","330-6534-40","Lower secondary","Medic","3","158968","Married","3"
"Eddy","Tucker","Male","40","e.tucker@randatmail.com","309-5482-16","Bachelor","Lecturer","18","148691","Married","4"
"Emily","Hall","Female","43","e.hall@randatmail.com","449-6582-39","Bachelor","Economist","5","143185","Married","0"
"Maria","Morris","Female","47","m.morris@randatmail.com","336-4300-56","Upper secondary","Electrician","18","119797","Married","5"
"Sofia","Carroll","Female","45","s.carroll@randatmail.com","029-7924-25","Upper secondary","Producer","18","110611","Single","1"
"Penelope","Barrett","Female","43","p.barrett@randatmail.com","703-8700-85","Master","Geologist","2","129415","Single","4"
"Camila","Fowler","Female","50","c.fowler@randatmail.com","695-8812-74","Doctoral","Fine Artist","11","164662","Single","0"
"Carl","Harris","Male","47","c.harris@randatmail.com","378-4630-51","Primary","Electrician","22","63172","Single","0"
"James","Russell","Male","47","j.russell@randatmail.com","003-5747-50","Master","Programmer","23","179607","Married","2"
"Arianna","Rogers","Female","48","a.rogers@randatmail.com","491-0995-96","Bachelor","Aeroplane Pilot","10","150750","Married","2"
"Patrick","Carroll","Male","45","p.carroll@randatmail.com","682-5216-39","Master","Manager","10","99581","Single","0"
"Elise","Hunt","Female","46","e.hunt@randatmail.com","646-2140-03","Upper secondary","Insurer","14","155330","Single","1"
"Ryan","Martin","Male","42","r.martin@randatmail.com","947-5037-26","Master","Auditor","5","53882","Married","0"
"Cherry","Morris","Female","45","c.morris@randatmail.com","554-3279-22","Lower secondary","Chef","12","55668","Married","0"
"Richard","Johnson","Male","45","r.johnson@randatmail.com","712-4488-68","Primary","Journalist","15","33061","Married","5"
"Sabrina","Myers","Female","46","s.myers@randatmail.com","753-5165-17","Doctoral","Dancer","18","109563","Married","2"
"Ned","Harrison","Male","48","n.harrison@randatmail.com","795-4807-25","Primary","Mechanic","4","39824","Single","3"
"Max","Wright","Male","45","m.wright@randatmail.com","757-1918-66","Primary","Interior Designer","2","169478","Married","0"
"Victor","Ellis","Male","40","v.ellis@randatmail.com","136-4795-24","Primary","Programmer","12","169428","Married","5"
"Daniel","Foster","Male","48","d.foster@randatmail.com","819-6311-48","Master","Fashion Designer","4","112373","Single","5"
"Alford","Martin","Male","46","a.martin@randatmail.com","475-1300-12","Master","Medic","4","167670","Single","1"
"Kate","Hall","Female","43","k.hall@randatmail.com","487-4730-62","Doctoral","Pharmacist","10","198498","Married","5"
"Victor","Crawford","Male","43","v.crawford@randatmail.com","903-7255-76","Bachelor","Fine Artist","7","67953","Single","4"
"Aston","Warren","Male","44","a.warren@randatmail.com","061-2733-08","Master","Historian","19","89798","Single","1"
"Audrey","Turner","Female","44","a.turner@randatmail.com","570-7037-32","Upper secondary","Florist","4","156486","Married","2"
"Miley","Wilson","Female","46","m.wilson@randatmail.com","582-1886-62","Master","Accountant","5","171743","Single","4"
"Reid","Clark","Male","50","r.clark@randatmail.com","619-8896-11","Lower secondary","Lawer","2","95350","Single","3"
"Adam","Hamilton","Male","40","a.hamilton@randatmail.com","701-2451-83","Master","Photographer","11","135310","Married","1"
"Samantha","Craig","Female","44","s.craig@randatmail.com","541-6762-83","Lower secondary","Graphic Designer","12","107501","Married","1"
"Carl","Barnes","Male","48","c.barnes@randatmail.com","985-8764-99","Master","Actor","6","65731","Single","0"
"Andrew","Kelley","Male","48","a.kelley@randatmail.com","868-6561-57","Master","Jeweller","12","180213","Married","0"
"Tony","Perry","Male","46","t.perry@randatmail.com","361-6905-11","Master","Driver","1","115908","Married","1"
"Edgar","Gray","Male","47","e.gray@randatmail.com","611-8672-89","Bachelor","Singer","6","60189","Single","1"
"Albert","Taylor","Male","50","a.taylor@randatmail.com","246-0984-51","Bachelor","Firefighter","1","98830","Single","2"
"Elian","Craig","Male","41","e.craig@randatmail.com","593-4702-45","Primary","Producer","2","191591","Single","2"
"Eric","Cameron","Male","41","e.cameron@randatmail.com","446-1966-21","Bachelor","Pharmacist","10","87318","Single","4"
"Alexander","Reed","Male","50","a.reed@randatmail.com","742-5879-90","Master","Insurer","17","54699","Single","4"
"Alexia","Fowler","Female","48","a.fowler@randatmail.com","378-8362-76","Primary","Scientist","11","75481","Single","5"
"Violet","Jones","Female","49","v.jones@randatmail.com","733-6643-68","Bachelor","Chef","14","192541","Single","0"
"Thomas","Douglas","Male","50","t.douglas@randatmail.com","156-7895-67","Master","Photographer","6","117570","Married","1"
"Albert","Brown","Male","43","a.brown@randatmail.com","990-8016-81","Doctoral","Interpreter","14","140650","Single","4"
"Kelsey","Mitchell","Female","47","k.mitchell@randatmail.com","926-1094-46","Doctoral","Architect","13","158360","Single","2"
"Jack","Barrett","Male","50","j.barrett@randatmail.com","739-4759-23","Doctoral","Architect","0","53602","Single","3"
"Adrianna","Ferguson","Female","48","a.ferguson@randatmail.com","625-2581-42","Upper secondary","Meteorologist","11","30933","Single","0"
"Kelvin","Watson","Male","48","k.watson@randatmail.com","850-4495-95","Doctoral","Aeroplane Pilot","8","128188","Married","1"
"Ellia","Douglas","Female","41","e.douglas@randatmail.com","193-8575-09","Primary","Lecturer","0","186196","Married","0"
"Spike","Evans","Male","48","s.evans@randatmail.com","806-7081-08","Doctoral","Botanist","1","161628","Single","5"
"Ted","Hill","Male","42","t.hill@randatmail.com","516-5882-71","Master","Producer","6","79198","Married","4"
"Alexia","Casey","Female","47","a.casey@randatmail.com","300-3743-79","Bachelor","Engineer","10","127013","Single","1"
"Lenny","Sullivan","Male","41","l.sullivan@randatmail.com","728-9000-47","Doctoral","Producer","1","156388","Single","2"
"Maximilian","Bennett","Male","48","m.bennett@randatmail.com","453-4930-90","Lower secondary","Agronomist","14","139886","Single","3"
"Cadie","Montgomery","Female","44","c.montgomery@randatmail.com","780-9221-14","Master","Jeweller","0","173583","Married","1"
"Lilianna","Myers","Female","41","l.myers@randatmail.com","773-8862-49","Master","Actor","2","38624","Single","4"
"Aida","Phillips","Female","44","a.phillips@randatmail.com","533-7203-81","Lower secondary","Aeroplane Pilot","10","131101","Single","2"
"Myra","Alexander","Female","47","m.alexander@randatmail.com","228-7514-95","Bachelor","Interior Designer","21","160686","Single","2"
"Kellan","Lloyd","Male","40","k.lloyd@randatmail.com","025-7038-58","Doctoral","Cook","4","77927","Married","5"
"Savana","Andrews","Female","50","s.andrews@randatmail.com","732-6487-17","Doctoral","Manager","2","77644","Married","5"
"Frederick","Murray","Male","42","f.murray@randatmail.com","457-4972-04","Bachelor","Fashion Designer","12","52832","Married","0"
"Alina","Higgins","Female","44","a.higgins@randatmail.com","326-7916-03","Master","Driver","22","169239","Single","4"
"Marcus","Kelley","Male","48","m.kelley@randatmail.com","577-9943-51","Upper secondary","Interpreter","17","197444","Single","5"
"Mike","Kelley","Male","44","m.kelley@randatmail.com","938-2147-98","Upper secondary","Mathematician","3","108235","Single","4"
"Marcus","Armstrong","Male","46","m.armstrong@randatmail.com","621-9882-81","Doctoral","Electrician","14","47098","Married","1"
"Ashton","Payne","Male","50","a.payne@randatmail.com","801-0754-94","Primary","Architect","25","41922","Single","3"
"Victoria","Reed","Female","43","v.reed@randatmail.com","900-6304-74","Bachelor","Architect","14","33949","Married","5"
"Jasmine","Warren","Female","49","j.warren@randatmail.com","704-7665-82","Primary","Fashion Designer","4","173422","Single","0"
"Valeria","Perry","Female","50","v.perry@randatmail.com","000-6836-96","Lower secondary","Interpreter","6","38927","Single","4"
"Jack","Reed","Male","45","j.reed@randatmail.com","376-3070-43","Upper secondary","Programmer","16","168329","Married","1"
"Rafael","Carter","Male","46","r.carter@randatmail.com","969-0358-12","Doctoral","Firefighter","18","128560","Married","4"
"Ryan","Gray","Male","41","r.gray@randatmail.com","965-7082-76","Bachelor","Insurer","15","60392","Married","1"
"Max","Riley","Male","48","m.riley@randatmail.com","938-9531-11","Upper secondary","Journalist","11","123944","Single","2"
"Isabella","Ryan","Female","50","i.ryan@randatmail.com","038-6830-76","Bachelor","Dancer","18","99729","Single","0"
"Nicole","Turner","Female","45","n.turner@randatmail.com","837-4095-42","Primary","Accountant","3","111957","Married","3"
"Dainton","Montgomery","Male","44","d.montgomery@randatmail.com","676-3957-16","Upper secondary","Salesman","9","127737","Single","3"
"Adrian","Owens","Male","40","a.owens@randatmail.com","891-9432-37","Lower secondary","Interpreter","19","35256","Married","1"
"Sydney","Douglas","Female","41","s.douglas@randatmail.com","142-9087-99","Bachelor","Social Worker","8","118680","Married","5"
"Wilson","Martin","Male","40","w.martin@randatmail.com","818-5552-95","Doctoral","Programmer","14","117860","Single","5"
"Reid","Baker","Male","45","r.baker@randatmail.com","232-3747-86","Primary","Firefighter","12","84797","Single","0"
"Martin","Wright","Male","44","m.wright@randatmail.com","412-2126-20","Bachelor","Chef","19","139498","Married","5"
"Jenna","Cunningham","Female","48","j.cunningham@randatmail.com","876-7564-52","Doctoral","Baker","1","149661","Single","5"
"Oliver","Baker","Male","44","o.baker@randatmail.com","399-1450-77","Upper secondary","Social Worker","12","169126","Single","5"
"Kirsten","Miller","Female","43","k.miller@randatmail.com","954-9022-66","Doctoral","Historian","7","155197","Married","4"
"Evelyn","Howard","Female","50","e.howard@randatmail.com","913-9312-00","Upper secondary","Archeologist","12","183240","Single","3"
"Edwin","Johnson","Male","50","e.johnson@randatmail.com","464-0330-74","Upper secondary","Dancer","15","144444","Married","3"
"Bruce","Armstrong","Male","48","b.armstrong@randatmail.com","937-4340-05","Master","Police Officer","24","106477","Single","0"
"Roland","Fowler","Male","40","r.fowler@randatmail.com","017-2041-98","Doctoral","Journalist","12","79265","Single","0"
"Dainton","Robinson","Male","45","d.robinson@randatmail.com","390-3057-24","Lower secondary","Mathematician","20","184823","Married","3"
"Adelaide","Wright","Female","44","a.wright@randatmail.com","480-1212-75","Primary","Journalist","21","175273","Married","1"
"Alexander","Elliott","Male","44","a.elliott@randatmail.com","104-2802-41","Primary","Mechanic","4","147601","Married","1"
"Richard","Lloyd","Male","41","r.lloyd@randatmail.com","784-6306-38","Primary","Interpreter","19","188784","Single","2"
"Patrick","Hall","Male","47","p.hall@randatmail.com","649-0946-94","Master","Composer","6","68919","Married","5"
"Michelle","Hill","Female","43","m.hill@randatmail.com","276-9715-75","Master","Veterinarian","8","111793","Single","1"
"Camila","Reed","Female","47","c.reed@randatmail.com","161-0383-64","Primary","Actor","4","50629","Single","0"
"Rosie","Morris","Female","48","r.morris@randatmail.com","013-1245-72","Primary","Firefighter","0","149250","Married","3"
"Charlie","Adams","Male","45","c.adams@randatmail.com","846-5353-13","Upper secondary","Social Worker","22","36008","Married","5"
"Clark","Roberts","Male","41","c.roberts@randatmail.com","697-1911-09","Master","Medic","6","118280","Single","0"
"Alen","Mason","Male","44","a.mason@randatmail.com","844-0832-88","Lower secondary","Historian","21","30346","Married","2"
"Alina","Farrell","Female","46","a.farrell@randatmail.com","901-0075-84","Master","Interpreter","4","48143","Married","5"
"Deanna","Taylor","Female","46","d.taylor@randatmail.com","351-8921-92","Primary","Medic","22","30790","Married","2"
"First Name","Last Name","Gender","Age","Email","Phone","Education","Occupation","Experience (Years)","Salary","Marital Status","Number of Children"
"Elian","Rogers","Male","35","e.rogers@randatmail.com","102-6078-84","Primary","Cook","10","136143","Married","1"
"Lucas","Harper","Male","33","l.harper@randatmail.com","587-2050-80","Master","Engineer","5","184986","Single","1"
"Tyler","Phillips","Male","35","t.phillips@randatmail.com","444-5516-86","Master","Veterinarian","6","187921","Married","5"
"Miley","Murray","Female","35","m.murray@randatmail.com","605-7467-38","Lower secondary","Journalist","6","64579","Single","1"
"Annabella","Rogers","Female","31","a.rogers@randatmail.com","827-6532-78","Master","Cook","7","77389","Single","4"
"Daniel","Watson","Male","32","d.watson@randatmail.com","591-1651-90","Lower secondary","Interior Designer","12","115836","Married","3"
"Miley","Davis","Female","32","m.davis@randatmail.com","880-0803-57","Lower secondary","Aeroplane Pilot","7","176733","Married","3"
"Victor","Cunningham","Male","36","v.cunningham@randatmail.com","815-3179-38","Doctoral","Baker","8","123916","Single","4"
"Alan","Murray","Male","36","a.murray@randatmail.com","014-2560-62","Doctoral","Lecturer","18","133135","Single","0"
"Amber","Davis","Female","39","a.davis@randatmail.com","955-9314-75","Upper secondary","Chemist","11","46374","Married","5"
"Kellan","Davis","Male","35","k.davis@randatmail.com","565-6272-21","Primary","Journalist","5","135347","Married","3"
"James","Casey","Male","39","j.casey@randatmail.com","682-6671-58","Bachelor","Teacher","3","99748","Single","1"
"Henry","Roberts","Male","30","h.roberts@randatmail.com","244-6434-51","Master","Electrician","7","150419","Married","5"
"Naomi","Hawkins","Female","30","n.hawkins@randatmail.com","516-7638-66","Upper secondary","Veterinarian","13","64617","Married","0"
"Kristian","Gibson","Male","31","k.gibson@randatmail.com","673-2266-91","Upper secondary","Manager","15","127591","Single","2"
"Richard","Wilson","Male","36","r.wilson@randatmail.com","756-9469-13","Primary","Historian","14","77696","Single","2"
"Julia","Tucker","Female","40","j.tucker@randatmail.com","835-1876-24","Master","Manager","6","75917","Married","4"
"Lyndon","Johnson","Male","32","l.johnson@randatmail.com","782-8047-98","Bachelor","Teacher","14","92357","Single","1"
"Marcus","Barrett","Male","35","m.barrett@randatmail.com","821-9024-09","Lower secondary","Journalist","17","79130","Single","0"
"Antony","Barnes","Male","39","a.barnes@randatmail.com","538-4342-03","Bachelor","Singer","11","89833","Single","5"
"Edward","Phillips","Male","35","e.phillips@randatmail.com","847-1754-52","Primary","Biochemist","16","173998","Married","3"
"Owen","Richards","Male","32","o.richards@randatmail.com","770-4328-16","Doctoral","Architect","6","77007","Single","1"
"Vivian","Howard","Female","30","v.howard@randatmail.com","848-0128-78","Doctoral","Producer","5","178285","Married","2"
"Catherine","Spencer","Female","34","c.spencer@randatmail.com","815-7128-72","Lower secondary","Electrician","1","192080","Married","0"
"Olivia","Douglas","Female","40","o.douglas@randatmail.com","686-9576-05","Bachelor","Chemist","18","80927","Single","5"
"Tyler","Evans","Male","31","t.evans@randatmail.com","025-7817-76","Master","Chef","7","109428","Single","3"
"Alissa","Hamilton","Female","33","a.hamilton@randatmail.com","375-3215-97","Primary","Dancer","0","98338","Single","2"
"Lyndon","Thompson","Male","31","l.thompson@randatmail.com","965-3434-07","Master","Fine Artist","13","144236","Single","4"
"Florrie","Jones","Female","33","f.jones@randatmail.com","658-3514-57","Doctoral","Police Officer","2","91745","Single","4"
"Jordan","Foster","Male","37","j.foster@randatmail.com","820-1893-59","Upper secondary","Dancer","3","178218","Married","1"
"Cadie","Phillips","Female","40","c.phillips@randatmail.com","462-5066-05","Bachelor","Accountant","4","30229","Single","4"
"Ryan","Anderson","Male","31","r.anderson@randatmail.com","398-0014-16","Bachelor","Composer","0","38387","Single","0"
"Amelia","Edwards","Female","30","a.edwards@randatmail.com","841-5352-82","Master","Meteorologist","6","188474","Married","2"
"Owen","Mitchell","Male","39","o.mitchell@randatmail.com","829-8462-69","Lower secondary","Agronomist","8","43039","Married","1"
"William","Tucker","Male","33","w.tucker@randatmail.com","615-3493-62","Upper secondary","Lawer","5","180369","Single","0"
"Sofia","Warren","Female","36","s.warren@randatmail.com","062-5978-93","Primary","Composer","0","50249","Single","0"
"Jasmine","Davis","Female","37","j.davis@randatmail.com","180-6800-26","Bachelor","Agronomist","8","156293","Married","3"
"Rebecca","Spencer","Female","40","r.spencer@randatmail.com","009-0496-59","Primary","Carpenter","9","124465","Married","5"
"Penelope","Warren","Female","38","p.warren@randatmail.com","981-4869-16","Lower secondary","Physicist","4","190024","Single","1"
"Myra","Carroll","Female","39","m.carroll@randatmail.com","295-7435-78","Master","Driver","7","121003","Married","4"
"Evelyn","Miller","Female","39","e.miller@randatmail.com","282-6721-85","Lower secondary","Interpreter","6","138236","Single","1"
"Maya","Evans","Female","37","m.evans@randatmail.com","527-5304-04","Primary","Auditor","8","133627","Single","2"
"Abraham","Owens","Male","37","a.owens@randatmail.com","199-6562-91","Lower secondary","Fashion Designer","13","126406","Single","5"
"Edward","Clark","Male","33","e.clark@randatmail.com","241-4425-85","Bachelor","Producer","11","142725","Married","2"
"Michelle","Martin","Female","31","m.martin@randatmail.com","063-6182-98","Master","Historian","15","115859","Married","1"
"Rubie","Clark","Female","39","r.clark@randatmail.com","157-2279-99","Primary","Archeologist","3","64523","Single","3"
"Connie","Hunt","Female","37","c.hunt@randatmail.com","153-6225-10","Bachelor","Medic","6","38051","Single","0"
"Vincent","Ferguson","Male","30","v.ferguson@randatmail.com","744-0368-41","Master","Dancer","1","124141","Married","1"
"Walter","Carter","Male","36","w.carter@randatmail.com","286-9853-61","Master","Florist","5","119331","Married","0"
"Jared","Johnston","Male","40","j.johnston@randatmail.com","518-4512-82","Upper secondary","Programmer","0","98310","Single","3"
"Brianna","Richardson","Female","32","b.richardson@randatmail.com","605-2862-03","Upper secondary","Electrician","4","60234","Married","2"
"Ned","Turner","Male","38","n.turner@randatmail.com","663-4749-48","Primary","Architect","14","55148","Single","0"
"Freddie","Wright","Male","33","f.wright@randatmail.com","654-6580-37","Upper secondary","Veterinarian","12","126154","Married","4"
"Frederick","Douglas","Male","30","f.douglas@randatmail.com","410-1234-25","Primary","Medic","9","39580","Married","3"
"Leonardo","Campbell","Male","32","l.campbell@randatmail.com","003-1774-45","Upper secondary","Archeologist","9","61523","Single","0"
"Natalie","Turner","Female","34","n.turner@randatmail.com","407-6165-48","Doctoral","Scientist","3","173488","Married","4"
"Lucia","Thompson","Female","30","l.thompson@randatmail.com","865-7987-26","Bachelor","Economist","2","39327","Single","2"
"Antony","Barrett","Male","31","a.barrett@randatmail.com","941-3470-00","Upper secondary","Police Officer","11","66570","Married","3"
"Arnold","Barrett","Male","32","a.barrett@randatmail.com","143-9176-35","Bachelor","Chef","11","115184","Single","4"
"Alen","Carroll","Male","32","a.carroll@randatmail.com","141-3840-88","Master","Interpreter","4","34405","Married","1"
"Wilson","Hall","Male","38","w.hall@randatmail.com","440-6711-66","Upper secondary","Lawer","7","97478","Single","5"
"Annabella","Owens","Female","37","a.owens@randatmail.com","951-7263-58","Doctoral","Medic","6","81865","Married","3"
"Emma","Barrett","Female","32","e.barrett@randatmail.com","233-5527-21","Master","Historian","16","81641","Single","5"
"Amy","Barnes","Female","36","a.barnes@randatmail.com","798-9915-68","Lower secondary","Geologist","18","180645","Single","4"
"John","Fowler","Male","30","j.fowler@randatmail.com","568-8365-27","Bachelor","Carpenter","7","127277","Single","5"
"Paige","Carter","Female","36","p.carter@randatmail.com","676-6471-73","Doctoral","Interpreter","2","134378","Single","3"
"Nicole","Phillips","Female","36","n.phillips@randatmail.com","360-9216-80","Doctoral","Mathematician","4","57504","Single","5"
"William","Harrison","Male","36","w.harrison@randatmail.com","534-2068-31","Doctoral","Auditor","13","119644","Single","4"
"Tiana","Cameron","Female","33","t.cameron@randatmail.com","409-5051-26","Doctoral","Producer","5","105227","Single","4"
"Maria","Phillips","Female","36","m.phillips@randatmail.com","726-2942-94","Upper secondary","Physicist","2","107524","Single","3"
"Steven","Watson","Male","34","s.watson@randatmail.com","732-5209-21","Doctoral","Interior Designer","9","98682","Single","1"
"Lucy","Roberts","Female","37","l.roberts@randatmail.com","667-4548-99","Upper secondary","Interior Designer","13","43506","Married","2"
"Daniel","Cameron","Male","37","d.cameron@randatmail.com","333-9396-09","Master","Physicist","11","178588","Single","2"
"Alen","Williams","Male","34","a.williams@randatmail.com","128-6973-09","Primary","Mechanic","13","93579","Single","4"
"Sam","Richards","Male","39","s.richards@randatmail.com","783-5233-25","Upper secondary","Fashion Designer","18","101175","Single","3"
"Edward","Cooper","Male","34","e.cooper@randatmail.com","178-8821-98","Upper secondary","Scientist","11","50906","Single","2"
"Anna","Reed","Female","35","a.reed@randatmail.com","038-0561-90","Upper secondary","Teacher","17","109273","Married","4"
"Adison","Martin","Male","35","a.martin@randatmail.com","267-6939-04","Master","Teacher","0","50366","Single","3"
"Catherine","Smith","Female","36","c.smith@randatmail.com","866-7013-02","Bachelor","Journalist","13","43267","Single","5"
"Audrey","Cooper","Female","35","a.cooper@randatmail.com","193-6116-80","Lower secondary","Photographer","8","170213","Married","2"
"Maddie","Spencer","Female","38","m.spencer@randatmail.com","400-9975-25","Lower secondary","Cook","8","86784","Single","3"
"Walter","Stevens","Male","32","w.stevens@randatmail.com","008-1203-11","Upper secondary","Insurer","9","132941","Married","4"
"Arianna","Warren","Female","40","a.warren@randatmail.com","884-1019-65","Upper secondary","Social Worker","7","65991","Married","2"
"Myra","Higgins","Female","40","m.higgins@randatmail.com","403-8559-73","Primary","Geologist","4","116300","Married","2"
"Alberta","Gray","Female","35","a.gray@randatmail.com","066-0064-38","Primary","Salesman","15","37524","Single","3"
"Antony","Bennett","Male","30","a.bennett@randatmail.com","301-2481-39","Doctoral","Firefighter","2","164472","Single","5"
"Edwin","Payne","Male","35","e.payne@randatmail.com","405-6351-34","Upper secondary","Firefighter","15","180660","Married","2"
"Cadie","Clark","Female","37","c.clark@randatmail.com","855-6857-87","Doctoral","Electrician","18","104349","Single","0"
"Paul","Montgomery","Male","32","p.montgomery@randatmail.com","448-6858-83","Lower secondary","Cook","12","102524","Married","4"
"Valeria","Chapman","Female","35","v.chapman@randatmail.com","754-2111-82","Upper secondary","Graphic Designer","11","100452","Married","1"
"Dale","Wright","Male","30","d.wright@randatmail.com","080-0451-36","Bachelor","Graphic Designer","3","84224","Married","5"
"Joyce","Bennett","Female","33","j.bennett@randatmail.com","901-9649-74","Bachelor","Producer","0","98394","Single","2"
"Edgar","Fowler","Male","39","e.fowler@randatmail.com","431-0578-74","Bachelor","Baker","15","183583","Single","5"
"Jessica","Mitchell","Female","34","j.mitchell@randatmail.com","346-7960-99","Upper secondary","Singer","7","140714","Single","1"
"Briony","Stewart","Female","34","b.stewart@randatmail.com","236-0311-00","Upper secondary","Pharmacist","12","122335","Single","1"
"Fenton","Warren","Male","31","f.warren@randatmail.com","671-2023-00","Bachelor","Police Officer","6","102946","Married","5"
"Lydia","Payne","Female","32","l.payne@randatmail.com","945-7727-45","Upper secondary","Insurer","3","77528","Married","2"
"Melanie","Fowler","Female","40","m.fowler@randatmail.com","862-6925-84","Upper secondary","Jeweller","5","98702","Single","2"
"Maddie","Hall","Female","35","m.hall@randatmail.com","537-9392-74","Primary","Dancer","0","176378","Single","1"
"Alisa","Turner","Female","37","a.turner@randatmail.com","340-7277-23","Lower secondary","Composer","4","38949","Married","0"
"Paige","Brooks","Female","37","p.brooks@randatmail.com","334-2094-68","Upper secondary","Biochemist","9","143992","Married","5"
"George","Parker","Male","37","g.parker@randatmail.com","149-5997-09","Bachelor","Actor","18","101275","Married","3"
"Leonardo","Turner","Male","32","l.turner@randatmail.com","776-3406-28","Lower secondary","Historian","8","100525","Single","2"
"Rafael","Sullivan","Male","40","r.sullivan@randatmail.com","707-7016-63","Lower secondary","Salesman","5","87277","Single","0"
"Melanie","Watson","Female","30","m.watson@randatmail.com","077-9357-20","Doctoral","Economist","14","121516","Married","2"
"John","Craig","Male","40","j.craig@randatmail.com","948-7399-36","Primary","Baker","16","183393","Married","2"
"Honey","Richardson","Female","38","h.richardson@randatmail.com","512-8114-98","Bachelor","Aeroplane Pilot","15","90740","Married","5"
"Stuart","Lloyd","Male","33","s.lloyd@randatmail.com","475-0317-84","Upper secondary","Lawer","14","34936","Single","4"
"Jessica","Wells","Female","38","j.wells@randatmail.com","379-5711-80","Upper secondary","Accountant","1","69672","Married","0"
"Emily","Bailey","Female","35","e.bailey@randatmail.com","841-8108-98","Lower secondary","Photographer","11","194557","Single","2"
"Jack","Smith","Male","39","j.smith@randatmail.com","260-0588-04","Lower secondary","Economist","17","139839","Married","4"
"Ned","Murray","Male","34","n.murray@randatmail.com","846-8403-24","Upper secondary","Florist","8","58158","Married","1"
"Julia","Walker","Female","33","j.walker@randatmail.com","385-0109-32","Doctoral","Florist","7","36121","Single","0"
"Michelle","Cameron","Female","32","m.cameron@randatmail.com","445-2086-00","Lower secondary","Driver","5","127454","Single","5"
"Violet","Johnston","Female","40","v.johnston@randatmail.com","851-1453-14","Master","Police Officer","13","65111","Married","1"
"Honey","Tucker","Female","33","h.tucker@randatmail.com","326-8738-47","Primary","Hairdresser","10","42980","Married","2"
"Andrew","Robinson","Male","31","a.robinson@randatmail.com","137-4233-38","Upper secondary","Baker","10","48495","Married","2"
"Kelsey","Cooper","Female","36","k.cooper@randatmail.com","272-3270-37","Primary","Chef","4","57798","Married","2"
"Adele","Murray","Female","33","a.murray@randatmail.com","581-9404-94","Upper secondary","Biochemist","11","84763","Single","0"
"Alisa","Ellis","Female","37","a.ellis@randatmail.com","431-8830-69","Master","Graphic Designer","18","141149","Married","2"
"Chelsea","Allen","Female","34","c.allen@randatmail.com","491-5427-13","Primary","Scientist","11","162943","Married","5"
"Gianna","Owens","Female","34","g.owens@randatmail.com","758-8922-94","Doctoral","Interpreter","2","178207","Single","2"
"Maximilian","Wells","Male","34","m.wells@randatmail.com","908-1181-79","Bachelor","Baker","6","128661","Single","3"
"Ned","Gray","Male","34","n.gray@randatmail.com","147-5349-17","Primary","Biochemist","10","78200","Married","3"
"Martin","Morgan","Male","33","m.morgan@randatmail.com","686-2372-17","Doctoral","Lawer","6","144654","Single","4"
"Antony","Brooks","Male","38","a.brooks@randatmail.com","393-1279-67","Bachelor","Manager","0","57923","Married","4"
"Brad","Campbell","Male","31","b.campbell@randatmail.com","507-4264-76","Bachelor","Chemist","1","53459","Married","2"
"Bruce","Russell","Male","35","b.russell@randatmail.com","976-7999-76","Primary","Composer","3","59419","Married","2"
"Arnold","Montgomery","Male","39","a.montgomery@randatmail.com","291-5412-74","Upper secondary","Journalist","11","187171","Single","5"
"Alina","Fowler","Female","33","a.fowler@randatmail.com","705-8913-27","Primary","Chemist","12","142684","Married","3"
"Mike","Brooks","Male","39","m.brooks@randatmail.com","631-2720-08","Lower secondary","Accountant","5","58547","Single","1"
"Alexander","Andrews","Male","39","a.andrews@randatmail.com","825-2319-54","Upper secondary","Interior Designer","19","75679","Single","5"
"Walter","Perry","Male","32","w.perry@randatmail.com","583-6877-16","Lower secondary","Florist","9","178743","Single","1"
"Albert","Baker","Male","36","a.baker@randatmail.com","879-6952-20","Bachelor","Scientist","12","164029","Single","4"
"Connie","Gibson","Female","35","c.gibson@randatmail.com","482-7759-50","Master","Physicist","5","43079","Married","0"
"Roland","Sullivan","Male","36","r.sullivan@randatmail.com","238-3200-49","Lower secondary","Manager","13","191135","Single","1"
"Miller","Dixon","Male","32","m.dixon@randatmail.com","797-3174-37","Doctoral","Medic","2","82421","Single","2"
"April","Payne","Female","38","a.payne@randatmail.com","161-8745-27","Master","Programmer","4","108539","Single","0"
"Byron","Harrison","Male","31","b.harrison@randatmail.com","798-7687-90","Doctoral","Actor","5","33652","Single","4"
"Chloe","Cunningham","Female","37","c.cunningham@randatmail.com","210-6627-29","Upper secondary","Medic","3","66745","Single","0"
"Miller","Morris","Male","31","m.morris@randatmail.com","612-0721-14","Primary","Economist","10","191868","Single","1"
"Walter","Ross","Male","31","w.ross@randatmail.com","070-1556-22","Upper secondary","Driver","10","162345","Married","1"
"Eddy","Richards","Male","30","e.richards@randatmail.com","484-6861-10","Upper secondary","Historian","5","80403","Single","0"
"Wilson","Carroll","Male","36","w.carroll@randatmail.com","228-4872-86","Doctoral","Medic","11","131177","Single","3"
"Max","Miller","Male","36","m.miller@randatmail.com","513-3631-09","Lower secondary","Chef","2","190794","Single","3"
"Grace","Parker","Female","33","g.parker@randatmail.com","325-8608-71","Bachelor","Physicist","7","79528","Married","2"
"William","Kelley","Male","31","w.kelley@randatmail.com","056-0631-01","Upper secondary","Baker","1","71800","Single","1"
"Lucy","Phillips","Female","30","l.phillips@randatmail.com","138-2075-89","Lower secondary","Lecturer","9","163920","Single","4"
"Aldus","Brooks","Male","31","a.brooks@randatmail.com","704-7799-74","Bachelor","Archeologist","0","38356","Single","3"
"Arnold","Kelly","Male","31","a.kelly@randatmail.com","726-4194-66","Primary","Hairdresser","12","68571","Single","0"
"Arthur","Chapman","Male","33","a.chapman@randatmail.com","662-1028-33","Doctoral","Astronomer","9","178481","Single","4"
"Elise","Thomas","Female","32","e.thomas@randatmail.com","540-2167-67","Upper secondary","Lawer","6","147394","Single","1"
"James","Wright","Male","32","j.wright@randatmail.com","291-1666-25","Lower secondary","Interior Designer","11","197935","Single","3"
"Florrie","Craig","Female","38","f.craig@randatmail.com","759-2700-78","Primary","Economist","7","57227","Married","5"
"Jordan","Baker","Male","39","j.baker@randatmail.com","292-5168-59","Doctoral","Mathematician","0","180711","Married","4"
"Paige","West","Female","39","p.west@randatmail.com","006-2316-79","Upper secondary","Firefighter","6","49846","Single","3"
"Vivian","Crawford","Female","33","v.crawford@randatmail.com","671-4559-62","Doctoral","Actor","4","49521","Single","2"
"Alina","Owens","Female","37","a.owens@randatmail.com","109-4684-62","Master","Fashion Designer","18","151360","Married","4"
"Brad","Allen","Male","31","b.allen@randatmail.com","045-8258-01","Doctoral","Jeweller","7","158858","Married","4"
"Myra","Phillips","Female","34","m.phillips@randatmail.com","510-4984-67","Lower secondary","Economist","10","197140","Married","0"
"Carina","Bennett","Female","33","c.bennett@randatmail.com","185-4787-25","Master","Carpenter","0","61239","Married","1"
"Eric","Nelson","Male","30","e.nelson@randatmail.com","291-1488-62","Bachelor","Astronomer","13","69193","Single","1"
"John","Carroll","Male","40","j.carroll@randatmail.com","266-6010-37","Doctoral","Manager","13","167290","Single","2"
"Stuart","Baker","Male","37","s.baker@randatmail.com","356-2704-99","Lower secondary","Physicist","18","106046","Married","2"
"Max","Higgins","Male","32","m.higgins@randatmail.com","779-6044-61","Master","Archeologist","8","126935","Single","5"
"Isabella","Russell","Female","40","i.russell@randatmail.com","105-9489-80","Upper secondary","Actor","10","151229","Married","0"
"Freddie","Hill","Male","39","f.hill@randatmail.com","601-3625-86","Upper secondary","Chemist","11","56399","Single","1"
"Brianna","Hunt","Female","31","b.hunt@randatmail.com","219-3202-75","Master","Lawer","10","132454","Married","5"
"Frederick","Thomas","Male","38","f.thomas@randatmail.com","974-9376-04","Bachelor","Baker","18","37317","Single","2"
"Emma","Richards","Female","40","e.richards@randatmail.com","340-8385-36","Master","Carpenter","14","183594","Single","5"
"Chester","Foster","Male","37","c.foster@randatmail.com","974-7087-70","Primary","Interpreter","4","147370","Married","1"
"Kevin","Andrews","Male","35","k.andrews@randatmail.com","512-0263-68","Lower secondary","Firefighter","11","109754","Married","4"
"Kelsey","Barnes","Female","31","k.barnes@randatmail.com","682-6472-82","Master","Graphic Designer","3","196359","Married","4"
"Daniel","Ryan","Male","32","d.ryan@randatmail.com","688-1891-10","Doctoral","Salesman","5","122825","Single","0"
"Heather","Ferguson","Female","36","h.ferguson@randatmail.com","227-3442-11","Primary","Accountant","14","36129","Married","2"
"Thomas","Barnes","Male","32","t.barnes@randatmail.com","671-4171-01","Bachelor","Geologist","8","75232","Single","0"
"Melanie","Ellis","Female","36","m.ellis@randatmail.com","993-1060-41","Master","Aeroplane Pilot","0","194372","Single","0"
"Charlotte","Montgomery","Female","32","c.montgomery@randatmail.com","187-1008-06","Upper secondary","Economist","3","87081","Single","0"
"Charlie","Hunt","Male","31","c.hunt@randatmail.com","738-8367-37","Doctoral","Meteorologist","10","40294","Single","3"
"Bruce","Andrews","Male","36","b.andrews@randatmail.com","969-2955-25","Doctoral","Police Officer","14","188866","Married","3"
"Grace","Harper","Female","30","g.harper@randatmail.com","223-8081-42","Bachelor","Agronomist","10","85375","Single","0"
"Jasmine","Baker","Female","37","j.baker@randatmail.com","220-3729-67","Master","Lawer","15","193589","Married","0"
"Edgar","Hamilton","Male","33","e.hamilton@randatmail.com","110-6127-31","Bachelor","Geologist","3","114333","Married","0"
"Caroline","Richards","Female","36","c.richards@randatmail.com","930-6798-29","Lower secondary","Physicist","2","171481","Single","1"
"Maddie","Williams","Female","40","m.williams@randatmail.com","384-5678-71","Bachelor","Lawer","0","197331","Single","1"
"Edward","Casey","Male","33","e.casey@randatmail.com","235-5824-33","Primary","Programmer","9","181713","Married","2"
"Tiana","Murray","Female","40","t.murray@randatmail.com","887-4359-00","Doctoral","Veterinarian","20","97422","Single","0"
"Aiden","Roberts","Male","30","a.roberts@randatmail.com","672-4608-30","Lower secondary","Driver","7","139007","Married","1"
"Adelaide","Hamilton","Female","31","a.hamilton@randatmail.com","643-4445-49","Lower secondary","Firefighter","4","44098","Married","2"
"Audrey","Brown","Female","39","a.brown@randatmail.com","906-8298-99","Doctoral","Graphic Designer","13","137093","Single","3"
"Jenna","Cooper","Female","36","j.cooper@randatmail.com","062-5775-03","Master","Agronomist","14","82311","Married","1"
"Samantha","Sullivan","Female","33","s.sullivan@randatmail.com","275-6006-70","Lower secondary","Mechanic","15","85285","Single","5"
"Brooke","Nelson","Female","32","b.nelson@randatmail.com","514-3110-78","Primary","Veterinarian","6","77788","Married","4"
"Samantha","Ferguson","Female","33","s.ferguson@randatmail.com","498-2571-88","Bachelor","Economist","14","93672","Single","5"
"Mike","Ferguson","Male","40","m.ferguson@randatmail.com","274-3781-51","Doctoral","Fashion Designer","15","44748","Single","0"
"Fenton","Perry","Male","39","f.perry@randatmail.com","158-8724-61","Primary","Veterinarian","10","84779","Single","0"
"Daryl","Alexander","Male","40","d.alexander@randatmail.com","225-3630-56","Lower secondary","Interpreter","11","69969","Single","3"
"Camila","Elliott","Female","39","c.elliott@randatmail.com","214-0112-87","Master","Veterinarian","19","108154","Single","0"
"Spike","Jones","Male","39","s.jones@randatmail.com","701-6573-89","Upper secondary","Architect","10","47196","Married","1"
"Alford","Reed","Male","33","a.reed@randatmail.com","322-4251-40","Primary","Chef","5","178618","Single","0"
"First Name","Last Name","Gender","Age","Email","Phone","Education","Occupation","Experience (Years)","Salary","Marital Status","Number of Children"
"Adelaide","Alexander","Female","20","a.alexander@randatmail.com","034-5807-25","Upper secondary","Manager","0","194298","Single","1"
"Dexter","Phillips","Male","21","d.phillips@randatmail.com","272-0765-94","Primary","Social Worker","8","94209","Single","2"
"Cadie","Miller","Female","20","c.miller@randatmail.com","707-1351-62","Master","Interpreter","6","39757","Single","4"
"Chester","Warren","Male","19","c.warren@randatmail.com","983-2923-24","Bachelor","Singer","0","170935","Married","3"
"Carina","Owens","Female","29","c.owens@randatmail.com","831-3143-13","Upper secondary","Programmer","6","94563","Married","1"
"Rubie","Jones","Female","29","r.jones@randatmail.com","830-3993-29","Doctoral","Architect","11","193933","Single","0"
"Max","Tucker","Male","21","m.tucker@randatmail.com","528-2632-39","Lower secondary","Botanist","2","81761","Married","5"
"Alberta","Bailey","Female","25","a.bailey@randatmail.com","833-9643-41","Master","Journalist","10","148045","Married","0"
"Arnold","Wells","Male","22","a.wells@randatmail.com","630-5001-04","Lower secondary","Salesman","11","110059","Single","4"
"Alisa","Gray","Female","24","a.gray@randatmail.com","198-8303-71","Primary","Programmer","0","49265","Single","0"
"Kimberly","Elliott","Female","30","k.elliott@randatmail.com","374-9237-50","Bachelor","Aeroplane Pilot","1","137581","Single","4"
"Patrick","Richardson","Male","27","p.richardson@randatmail.com","592-6305-17","Bachelor","Police Officer","13","46925","Married","3"
"Andrew","Hawkins","Male","24","a.hawkins@randatmail.com","693-1371-56","Bachelor","Composer","6","113846","Married","4"
"Vincent","Nelson","Male","25","v.nelson@randatmail.com","496-2291-99","Doctoral","Chef","6","140532","Single","4"
"Lenny","Phillips","Male","26","l.phillips@randatmail.com","474-8195-48","Primary","Singer","10","177219","Married","2"
"Dominik","Foster","Male","30","d.foster@randatmail.com","099-1787-78","Doctoral","Producer","3","189330","Married","5"
"Tyler","West","Male","20","t.west@randatmail.com","320-0167-95","Bachelor","Producer","7","113848","Single","5"
"Blake","Taylor","Male","23","b.taylor@randatmail.com","871-3802-86","Master","Photographer","10","143117","Single","1"
"Sam","Morrison","Male","18","s.morrison@randatmail.com","398-5915-92","Bachelor","Photographer","1","108645","Single","4"
"Sydney","Nelson","Female","20","s.nelson@randatmail.com","701-2034-06","Lower secondary","Journalist","5","42756","Single","3"
"Ryan","Chapman","Male","29","r.chapman@randatmail.com","204-1094-11","Lower secondary","Pharmacist","12","165300","Married","1"
"Sydney","Wilson","Female","29","s.wilson@randatmail.com","476-5258-63","Lower secondary","Interior Designer","10","182630","Single","5"
"Spike","Robinson","Male","24","s.robinson@randatmail.com","727-0549-69","Doctoral","Mechanic","9","127540","Married","1"
"Sophia","Spencer","Female","24","s.spencer@randatmail.com","621-1826-64","Primary","Physicist","9","199131","Single","4"
"Ryan","Scott","Male","24","r.scott@randatmail.com","233-4687-56","Bachelor","Fine Artist","12","99171","Single","2"
"Edward","Robinson","Male","22","e.robinson@randatmail.com","057-5503-94","Primary","Driver","6","109427","Married","5"
"Maria","Farrell","Female","30","m.farrell@randatmail.com","953-6610-47","Bachelor","Teacher","9","40278","Married","3"
"Eddy","Stewart","Male","25","e.stewart@randatmail.com","272-5828-12","Upper secondary","Insurer","4","194123","Married","3"
"Julia","West","Female","23","j.west@randatmail.com","656-7267-84","Doctoral","Cook","9","176849","Married","5"
"Maddie","Cooper","Female","25","m.cooper@randatmail.com","743-6503-89","Bachelor","Programmer","12","133920","Married","2"
"David","Richards","Male","24","d.richards@randatmail.com","530-4887-41","Bachelor","Meteorologist","0","37748","Single","2"
"Lydia","Baker","Female","19","l.baker@randatmail.com","435-0804-70","Bachelor","Producer","9","133008","Married","5"
"Lucia","Phillips","Female","19","l.phillips@randatmail.com","924-3006-41","Bachelor","Chemist","0","106877","Married","4"
"Caroline","Andrews","Female","22","c.andrews@randatmail.com","755-7141-74","Master","Economist","10","167901","Single","5"
"Brooke","Martin","Female","18","b.martin@randatmail.com","419-4612-53","Doctoral","Producer","7","194855","Single","3"
"Alfred","Montgomery","Male","27","a.montgomery@randatmail.com","663-2175-71","Master","Actor","1","158257","Married","5"
"Anna","Higgins","Female","20","a.higgins@randatmail.com","485-7777-21","Lower secondary","Aeroplane Pilot","0","40074","Married","4"
"Martin","Ellis","Male","26","m.ellis@randatmail.com","277-1375-95","Doctoral","Social Worker","7","141814","Single","2"
"Oliver","Higgins","Male","21","o.higgins@randatmail.com","582-9391-46","Doctoral","Chef","8","51986","Married","2"
"Bruce","Brown","Male","24","b.brown@randatmail.com","800-0708-97","Bachelor","Agronomist","2","180266","Single","5"
"Lyndon","Brooks","Male","24","l.brooks@randatmail.com","977-9108-21","Bachelor","Pharmacist","9","135829","Married","1"
"Henry","Murphy","Male","26","h.murphy@randatmail.com","523-0447-55","Primary","Interior Designer","3","151426","Single","5"
"Miranda","Phillips","Female","18","m.phillips@randatmail.com","643-5340-85","Bachelor","Photographer","4","81757","Married","5"
"Henry","Henderson","Male","18","h.henderson@randatmail.com","672-0696-33","Lower secondary","Chemist","9","31107","Married","1"
"David","Perkins","Male","19","d.perkins@randatmail.com","162-0142-13","Doctoral","Mechanic","0","136278","Married","0"
"Sophia","Nelson","Female","21","s.nelson@randatmail.com","426-9475-06","Primary","Engineer","4","81712","Single","5"
"Marcus","Harper","Male","27","m.harper@randatmail.com","726-1399-09","Upper secondary","Lawer","9","34577","Single","3"
"Dale","Watson","Male","28","d.watson@randatmail.com","805-2339-53","Doctoral","Fine Artist","8","136084","Married","2"
"Connie","Rogers","Female","22","c.rogers@randatmail.com","496-5436-70","Master","Biochemist","2","155275","Single","1"
"Alisa","Watson","Female","22","a.watson@randatmail.com","534-7620-17","Doctoral","Chemist","8","147681","Single","2"
"David","Wilson","Male","25","d.wilson@randatmail.com","502-4206-03","Upper secondary","Meteorologist","9","40032","Married","2"
"Amber","Wright","Female","18","a.wright@randatmail.com","439-4161-29","Master","Accountant","1","161120","Married","0"
"Amber","Andrews","Female","21","a.andrews@randatmail.com","613-6964-08","Lower secondary","Programmer","10","93985","Married","2"
"Savana","Perkins","Female","26","s.perkins@randatmail.com","533-3475-53","Upper secondary","Graphic Designer","5","71854","Married","5"
"Lana","Jones","Female","22","l.jones@randatmail.com","161-6991-00","Doctoral","Teacher","10","34680","Married","3"
"Chelsea","Warren","Female","29","c.warren@randatmail.com","277-4218-82","Lower secondary","Agronomist","0","179855","Single","4"
"Jacob","Martin","Male","30","j.martin@randatmail.com","133-5166-62","Doctoral","Auditor","5","126207","Single","4"
"Aston","Cunningham","Male","29","a.cunningham@randatmail.com","169-9839-34","Doctoral","Lawer","0","146054","Married","5"
"Emma","Grant","Female","26","e.grant@randatmail.com","155-0036-81","Lower secondary","Teacher","3","79821","Married","4"
"Hailey","Wells","Female","21","h.wells@randatmail.com","739-1363-17","Primary","Accountant","7","73969","Single","0"
"Sophia","Ross","Female","20","s.ross@randatmail.com","463-0493-08","Lower secondary","Mechanic","8","111956","Married","0"
"Elise","Harris","Female","27","e.harris@randatmail.com","496-8872-72","Primary","Astronomer","2","166663","Single","3"
"Kirsten","Warren","Female","24","k.warren@randatmail.com","683-9376-34","Primary","Pharmacist","1","31842","Single","2"
"Honey","Mason","Female","27","h.mason@randatmail.com","178-0689-43","Master","Economist","6","185464","Single","1"
"Rosie","Mitchell","Female","28","r.mitchell@randatmail.com","695-8324-15","Doctoral","Cook","0","40255","Single","5"
"Abraham","Hunt","Male","25","a.hunt@randatmail.com","914-9780-00","Primary","Lawer","9","47570","Married","0"
"Ned","Gibson","Male","20","n.gibson@randatmail.com","080-1582-82","Bachelor","Archeologist","3","101461","Married","2"
"Eric","Moore","Male","26","e.moore@randatmail.com","490-4985-73","Upper secondary","Hairdresser","10","115062","Married","5"
"Jessica","Moore","Female","26","j.moore@randatmail.com","681-9319-40","Doctoral","Teacher","5","123589","Single","4"
"Kate","Gibson","Female","20","k.gibson@randatmail.com","517-9711-62","Lower secondary","Agronomist","5","188629","Single","4"
"Myra","Gray","Female","24","m.gray@randatmail.com","948-8910-71","Upper secondary","Fashion Designer","1","190416","Married","5"
"Rosie","Casey","Female","20","r.casey@randatmail.com","825-3530-98","Doctoral","Chemist","6","109419","Married","1"
"Sam","Edwards","Male","23","s.edwards@randatmail.com","971-1122-86","Primary","Physicist","10","96182","Single","0"
"Bruce","Armstrong","Male","24","b.armstrong@randatmail.com","012-7014-76","Doctoral","Archeologist","6","123832","Single","3"
"Thomas","Parker","Male","19","t.parker@randatmail.com","886-1122-56","Primary","Producer","7","119623","Single","3"
"Frederick","Wilson","Male","27","f.wilson@randatmail.com","406-1197-21","Doctoral","Programmer","5","191512","Single","4"
"Arianna","Murphy","Female","20","a.murphy@randatmail.com","581-1115-41","Upper secondary","Salesman","3","92435","Single","2"
"Nicole","Carroll","Female","28","n.carroll@randatmail.com","193-4141-51","Master","Biochemist","3","36984","Married","2"
"George","Howard","Male","25","g.howard@randatmail.com","940-1275-93","Lower secondary","Biochemist","1","184923","Single","2"
"Valeria","Carter","Female","21","v.carter@randatmail.com","227-5882-77","Doctoral","Lawer","8","160156","Married","0"
"Roman","Baker","Male","20","r.baker@randatmail.com","439-6155-96","Master","Programmer","6","159706","Married","3"
"Paige","Wilson","Female","29","p.wilson@randatmail.com","389-8193-36","Lower secondary","Social Worker","4","120439","Married","1"
"Kristian","Montgomery","Male","20","k.montgomery@randatmail.com","424-2542-09","Lower secondary","Interior Designer","8","45477","Single","3"
"Sydney","Cole","Female","27","s.cole@randatmail.com","879-5308-43","Upper secondary","Lecturer","10","138478","Married","3"
"Oscar","Richardson","Male","28","o.richardson@randatmail.com","796-1450-14","Lower secondary","Engineer","11","61755","Single","3"
"Albert","Turner","Male","23","a.turner@randatmail.com","583-5207-19","Bachelor","Florist","3","171608","Married","3"
"Chloe","Warren","Female","27","c.warren@randatmail.com","839-9862-48","Master","Economist","9","194188","Single","3"
"William","Grant","Male","19","w.grant@randatmail.com","949-6373-52","Lower secondary","Interpreter","2","112718","Married","5"
"Ted","Holmes","Male","25","t.holmes@randatmail.com","625-2640-41","Bachelor","Police Officer","8","40099","Single","3"
"Lucas","Warren","Male","25","l.warren@randatmail.com","137-1477-17","Lower secondary","Geologist","12","144657","Single","5"
"Nicole","Thomas","Female","20","n.thomas@randatmail.com","354-5010-11","Doctoral","Singer","10","104798","Married","1"
"Fenton","Alexander","Male","19","f.alexander@randatmail.com","968-9278-44","Doctoral","Geologist","4","171475","Single","2"
"David","Kelly","Male","24","d.kelly@randatmail.com","360-6195-98","Lower secondary","Engineer","11","163855","Single","1"
"Anna","Craig","Female","20","a.craig@randatmail.com","650-4792-79","Bachelor","Graphic Designer","4","58413","Single","5"
"James","Harper","Male","29","j.harper@randatmail.com","680-2964-92","Primary","Social Worker","3","84266","Married","1"
"Derek","Casey","Male","28","d.casey@randatmail.com","880-3728-97","Doctoral","Jeweller","10","196842","Single","1"
"James","Cooper","Male","18","j.cooper@randatmail.com","032-7410-88","Doctoral","Medic","1","31454","Single","0"
"Isabella","Jones","Female","30","i.jones@randatmail.com","002-2217-36","Doctoral","Lecturer","4","98254","Single","0"
"Gianna","Hawkins","Female","20","g.hawkins@randatmail.com","908-2755-55","Lower secondary","Medic","0","145465","Single","2"
"Paige","Clark","Female","28","p.clark@randatmail.com","357-9726-00","Doctoral","Journalist","5","186818","Married","4"
"Miley","Alexander","Female","18","m.alexander@randatmail.com","400-3741-35","Master","Florist","8","71624","Single","2"
"Rebecca","Robinson","Female","18","r.robinson@randatmail.com","220-6216-06","Primary","Social Worker","4","168871","Married","2"
"Camila","Smith","Female","21","c.smith@randatmail.com","742-6224-93","Master","Interior Designer","9","135229","Married","0"
"Oliver","Cole","Male","25","o.cole@randatmail.com","026-1438-26","Doctoral","Interpreter","3","52022","Single","0"
"Kirsten","Wilson","Female","24","k.wilson@randatmail.com","695-4778-56","Primary","Lawer","11","196478","Married","4"
"Natalie","Kelly","Female","25","n.kelly@randatmail.com","070-0695-42","Doctoral","Teacher","6","117613","Single","2"
"David","Cameron","Male","28","d.cameron@randatmail.com","555-0888-30","Bachelor","Chef","7","64704","Married","2"
"Mike","Campbell","Male","30","m.campbell@randatmail.com","549-7125-39","Lower secondary","Fine Artist","15","80084","Married","3"
"Ted","Ellis","Male","21","t.ellis@randatmail.com","658-3724-42","Bachelor","Jeweller","3","117343","Single","3"
"Camila","Clark","Female","30","c.clark@randatmail.com","050-8739-92","Master","Accountant","10","74027","Married","1"
"Derek","Hawkins","Male","30","d.hawkins@randatmail.com","062-4848-08","Master","Graphic Designer","14","160159","Married","1"
"Aida","Gray","Female","23","a.gray@randatmail.com","390-3713-88","Bachelor","Producer","3","126542","Single","1"
"Alexia","Rogers","Female","28","a.rogers@randatmail.com","901-9097-27","Bachelor","Archeologist","5","138107","Married","5"
"Eddy","Campbell","Male","21","e.campbell@randatmail.com","451-0042-52","Upper secondary","Biochemist","7","103896","Single","4"
"Andrew","Carroll","Male","30","a.carroll@randatmail.com","222-5786-73","Doctoral","Pharmacist","12","177309","Married","2"
"Abigail","Richardson","Female","18","a.richardson@randatmail.com","181-9861-61","Bachelor","Chemist","6","66532","Single","1"
"Alissa","Thomas","Female","22","a.thomas@randatmail.com","489-7607-89","Lower secondary","Driver","2","113527","Single","2"
"Rafael","Dixon","Male","22","r.dixon@randatmail.com","015-7083-02","Upper secondary","Jeweller","10","169139","Single","2"
"Martin","Richardson","Male","23","m.richardson@randatmail.com","240-2714-40","Doctoral","Archeologist","5","158941","Single","3"
"Oscar","Myers","Male","18","o.myers@randatmail.com","126-7266-21","Lower secondary","Photographer","8","151902","Married","5"
"Sawyer","Phillips","Male","18","s.phillips@randatmail.com","904-2813-42","Primary","Aeroplane Pilot","9","118525","Single","5"
"Eleanor","Holmes","Female","29","e.holmes@randatmail.com","610-0398-17","Master","Archeologist","8","109937","Single","5"
"Belinda","Scott","Female","19","b.scott@randatmail.com","734-1985-86","Doctoral","Graphic Designer","5","194545","Single","0"
"Chester","Kelley","Male","26","c.kelley@randatmail.com","522-6246-35","Upper secondary","Photographer","4","74442","Single","5"
"George","Moore","Male","18","g.moore@randatmail.com","794-0077-16","Doctoral","Police Officer","6","174616","Married","4"
"Savana","Carter","Female","23","s.carter@randatmail.com","029-8878-00","Doctoral","Cook","10","137964","Married","3"
"John","Hamilton","Male","18","j.hamilton@randatmail.com","572-3106-05","Lower secondary","Lawer","5","110418","Single","5"
"Bruce","Barnes","Male","19","b.barnes@randatmail.com","707-6780-87","Primary","Scientist","5","161489","Married","2"
"Kelvin","Mason","Male","21","k.mason@randatmail.com","706-6138-70","Upper secondary","Fine Artist","10","196309","Single","5"
"Chelsea","Brooks","Female","18","c.brooks@randatmail.com","541-0341-67","Upper secondary","Photographer","3","119630","Single","0"
"Amanda","Thompson","Female","24","a.thompson@randatmail.com","302-7876-38","Primary","Manager","2","122471","Married","5"
"Brad","Phillips","Male","29","b.phillips@randatmail.com","830-6376-64","Upper secondary","Jeweller","5","44099","Married","4"
"Alissa","Montgomery","Female","20","a.montgomery@randatmail.com","640-4115-54","Upper secondary","Economist","6","73064","Married","3"
"Chelsea","Payne","Female","18","c.payne@randatmail.com","122-3812-92","Doctoral","Cook","2","89803","Married","2"
"Marcus","Evans","Male","20","m.evans@randatmail.com","891-7109-54","Primary","Agronomist","7","75158","Single","0"
"Alford","Phillips","Male","27","a.phillips@randatmail.com","880-7259-63","Master","Baker","0","133678","Single","2"
"Antony","West","Male","28","a.west@randatmail.com","577-1615-38","Doctoral","Chemist","7","59730","Married","1"
"Ned","Cunningham","Male","23","n.cunningham@randatmail.com","493-1308-95","Primary","Singer","2","190785","Single","4"
"Vanessa","Carroll","Female","21","v.carroll@randatmail.com","537-3523-05","Lower secondary","Veterinarian","9","66446","Married","2"
"Eddy","Rogers","Male","18","e.rogers@randatmail.com","151-7655-91","Master","Physicist","9","147125","Married","2"
"Daisy","Brown","Female","23","d.brown@randatmail.com","242-1653-67","Master","Veterinarian","10","158486","Married","2"
"Sabrina","Murphy","Female","25","s.murphy@randatmail.com","599-5640-63","Upper secondary","Engineer","4","116583","Single","3"
"Arianna","Fowler","Female","23","a.fowler@randatmail.com","844-9516-91","Master","Geologist","2","45862","Married","0"
"Kimberly","Payne","Female","28","k.payne@randatmail.com","761-5940-32","Master","Astronomer","2","174086","Single","1"
"Reid","Wright","Male","20","r.wright@randatmail.com","159-8433-90","Lower secondary","Journalist","6","44332","Married","0"
"Tiana","Ellis","Female","28","t.ellis@randatmail.com","352-4089-95","Upper secondary","Baker","5","74751","Single","3"
"Leonardo","Russell","Male","28","l.russell@randatmail.com","591-8752-57","Doctoral","Biochemist","7","80111","Single","5"
"Gianna","Perry","Female","26","g.perry@randatmail.com","290-1356-46","Lower secondary","Meteorologist","0","170883","Married","5"
"Adrianna","Andrews","Female","26","a.andrews@randatmail.com","019-8993-87","Doctoral","Veterinarian","3","176493","Married","0"
"Michael","Carroll","Male","21","m.carroll@randatmail.com","823-2181-62","Master","Archeologist","10","86578","Married","1"
"Kristian","Phillips","Male","23","k.phillips@randatmail.com","237-9297-07","Doctoral","Police Officer","7","172550","Married","4"
"Fiona","Phillips","Female","23","f.phillips@randatmail.com","735-1770-50","Master","Engineer","1","158364","Single","0"
"Henry","Grant","Male","18","h.grant@randatmail.com","282-1497-05","Doctoral","Composer","4","146002","Married","0"
"Alexia","Andrews","Female","23","a.andrews@randatmail.com","881-9251-44","Bachelor","Economist","2","56436","Single","1"
"Maya","Cunningham","Female","29","m.cunningham@randatmail.com","113-8320-32","Bachelor","Accountant","13","180828","Married","5"
"Amanda","Carter","Female","28","a.carter@randatmail.com","957-2665-47","Upper secondary","Graphic Designer","5","151669","Single","2"
"Edwin","Tucker","Male","25","e.tucker@randatmail.com","187-2858-81","Upper secondary","Veterinarian","5","57557","Single","2"
"Darcy","Brown","Female","21","d.brown@randatmail.com","396-8866-52","Lower secondary","Photographer","9","73628","Single","4"
"Henry","Miller","Male","23","h.miller@randatmail.com","218-1066-60","Doctoral","Physicist","7","78984","Married","2"
"Lenny","Stewart","Male","21","l.stewart@randatmail.com","151-4141-85","Doctoral","Interpreter","0","79473","Single","4"
"Sabrina","Hall","Female","23","s.hall@randatmail.com","481-3037-81","Upper secondary","Architect","9","139885","Married","4"
"Edgar","Morgan","Male","27","e.morgan@randatmail.com","426-4858-57","Lower secondary","Pharmacist","1","139373","Married","3"
"Edgar","Henderson","Male","30","e.henderson@randatmail.com","727-7600-33","Primary","Cook","3","184879","Single","4"
"Nicole","Barnes","Female","21","n.barnes@randatmail.com","661-0479-44","Master","Archeologist","2","120021","Single","3"
"Samantha","Hamilton","Female","21","s.hamilton@randatmail.com","124-1410-25","Primary","Carpenter","6","124467","Single","3"
"Ryan","Myers","Male","25","r.myers@randatmail.com","449-6371-43","Lower secondary","Singer","11","179844","Single","3"
"Lana","Anderson","Female","27","l.anderson@randatmail.com","718-4285-63","Primary","Chemist","2","134881","Married","1"
"Daniel","Casey","Male","20","d.casey@randatmail.com","968-1345-94","Doctoral","Aeroplane Pilot","9","68513","Single","4"
"Olivia","Fowler","Female","30","o.fowler@randatmail.com","622-3609-50","Master","Electrician","5","111416","Married","4"
"Ryan","Cole","Male","20","r.cole@randatmail.com","463-1693-37","Master","Agronomist","5","90773","Single","4"
"April","Rogers","Female","21","a.rogers@randatmail.com","772-0066-98","Master","Florist","1","36948","Married","5"
"Adam","Perkins","Male","24","a.perkins@randatmail.com","068-3419-65","Lower secondary","Jeweller","11","59703","Single","4"
"Preston","Brooks","Male","27","p.brooks@randatmail.com","029-3434-50","Bachelor","Physicist","7","82646","Single","1"
"Dominik","Ryan","Male","29","d.ryan@randatmail.com","749-3935-71","Primary","Economist","7","76584","Married","5"
"Lyndon","Grant","Male","25","l.grant@randatmail.com","635-8757-82","Primary","Archeologist","3","113097","Single","0"
"Vivian","Gray","Female","24","v.gray@randatmail.com","140-2227-08","Doctoral","Dancer","7","191726","Single","3"
"Max","Gray","Male","23","m.gray@randatmail.com","220-5122-85","Doctoral","Agronomist","4","147957","Single","2"
"Sophia","Montgomery","Female","26","s.montgomery@randatmail.com","353-2704-99","Bachelor","Engineer","12","191907","Single","1"
"Emma","West","Female","24","e.west@randatmail.com","792-5855-85","Bachelor","Salesman","9","42542","Married","4"
"Kimberly","Cole","Female","19","k.cole@randatmail.com","305-9694-62","Primary","Chef","6","194566","Single","3"
"Arianna","Andrews","Female","30","a.andrews@randatmail.com","025-9694-77","Master","Aeroplane Pilot","13","152087","Single","3"
"Lilianna","Crawford","Female","23","l.crawford@randatmail.com","857-0577-99","Lower secondary","Journalist","10","121540","Single","1"
"Madaline","Campbell","Female","30","m.campbell@randatmail.com","789-3761-74","Bachelor","Driver","1","167096","Single","0"
"Alissa","Jones","Female","19","a.jones@randatmail.com","550-3513-21","Doctoral","Economist","6","197696","Married","2"
"Lucy","Roberts","Female","28","l.roberts@randatmail.com","715-1939-50","Bachelor","Fashion Designer","6","103813","Single","4"
"Amanda","Perkins","Female","23","a.perkins@randatmail.com","852-5481-83","Bachelor","Producer","7","158617","Married","2"
"Naomi","Brown","Female","23","n.brown@randatmail.com","152-9905-41","Upper secondary","Agronomist","0","155806","Single","0"
"Ted","Casey","Male","25","t.casey@randatmail.com","387-2171-77","Upper secondary","Teacher","3","97829","Single","2"
"Amelia","Lloyd","Female","27","a.lloyd@randatmail.com","047-5155-42","Doctoral","Salesman","12","144304","Single","2"
"Tara","Wells","Female","20","t.wells@randatmail.com","674-8877-22","Doctoral","Graphic Designer","7","76380","Single","1"
"Thomas","Evans","Male","22","t.evans@randatmail.com","263-9592-27","Master","Florist","10","154685","Single","4"
"Vanessa","Miller","Female","22","v.miller@randatmail.com","654-9347-71","Doctoral","Auditor","0","78534","Single","5"
"Sofia","Miller","Female","19","s.miller@randatmail.com","918-7551-84","Master","Interpreter","0","32454","Single","4"
"Madaline","Hunt","Female","18","m.hunt@randatmail.com","869-4671-70","Primary","Veterinarian","8","60327","Married","0"
"Brianna","Wilson","Female","30","b.wilson@randatmail.com","005-6890-63","Lower secondary","Programmer","6","129268","Married","5"
"Frederick","Evans","Male","27","f.evans@randatmail.com","134-5914-81","Doctoral","Teacher","13","180352","Married","0"
"Isabella","Cooper","Female","28","i.cooper@randatmail.com","426-3220-50","Doctoral","Astronomer","7","64422","Single","3"
"Eric","Reed","Male","25","e.reed@randatmail.com","781-3725-63","Upper secondary","Economist","4","113748","Married","4"
"Natalie","Ross","Female","19","n.ross@randatmail.com","035-5765-98","Doctoral","Programmer","9","173647","Married","0"
"Alan","Johnson","Male","18","a.johnson@randatmail.com","206-6103-19","Bachelor","Fine Artist","9","35386","Married","3"
